away_team,away_points,home_team,home_points,away_rest,home_rest
Detroit Pistons,106,Atlanta Hawks,94,,
Cleveland Cavaliers,95,Chicago Bulls,97,,
New Orleans Pelicans,95,Golden State Warriors,111,,
Philadelphia 76ers,95,Boston Celtics,112,,
Chicago Bulls,115,Brooklyn Nets,100,0.0,
Utah Jazz,87,Detroit Pistons,92,,0.0
Denver Nuggets,105,Houston Rockets,85,,
Minnesota Timberwolves,112,Los Angeles Lakers,111,,
Cleveland Cavaliers,106,Memphis Grizzlies,76,0.0,
Charlotte Hornets,94,Miami Heat,104,,
New York Knicks,122,Milwaukee Bucks,97,,
San Antonio Spurs,106,Oklahoma City Thunder,112,,
Washington Wizards,88,Orlando Magic,87,,
Dallas Mavericks,111,Phoenix Suns,95,,
New Orleans Pelicans,94,Portland Trail Blazers,112,0.0,
Los Angeles Clippers,111,Sacramento Kings,104,,
Indiana Pacers,99,Toronto Raptors,106,,
Memphis Grizzlies,112,Indiana Pacers,103,0.0,0.0
Dallas Mavericks,88,Los Angeles Clippers,104,0.0,0.0
Atlanta Hawks,112,New York Knicks,101,1.0,0.0
Charlotte Hornets,94,Atlanta Hawks,97,1.0,0.0
Toronto Raptors,113,Boston Celtics,103,1.0,1.0
Miami Heat,92,Cleveland Cavaliers,102,1.0,1.0
Minnesota Timberwolves,95,Denver Nuggets,78,1.0,1.0
Chicago Bulls,94,Detroit Pistons,98,1.0,1.0
Golden State Warriors,112,Houston Rockets,92,2.0,1.0
Washington Wizards,118,Milwaukee Bucks,113,1.0,1.0
Oklahoma City Thunder,139,Orlando Magic,136,1.0,1.0
Utah Jazz,99,Philadelphia 76ers,71,1.0,1.0
Portland Trail Blazers,92,Phoenix Suns,110,1.0,1.0
Los Angeles Lakers,114,Sacramento Kings,132,1.0,1.0
Brooklyn Nets,75,San Antonio Spurs,102,1.0,1.0
Utah Jazz,97,Indiana Pacers,76,0.0,1.0
Sacramento Kings,109,Los Angeles Clippers,114,0.0,1.0
Brooklyn Nets,91,Memphis Grizzlies,101,0.0,1.0
Golden State Warriors,134,New Orleans Pelicans,120,0.0,2.0
Phoenix Suns,101,Portland Trail Blazers,90,0.0,0.0
New York Knicks,117,Washington Wizards,110,1.0,0.0
San Antonio Spurs,95,Boston Celtics,87,1.0,1.0
Orlando Magic,87,Chicago Bulls,92,1.0,1.0
Atlanta Hawks,94,Charlotte Hornets,92,1.0,1.0
Dallas Mavericks,103,Los Angeles Lakers,93,2.0,1.0
Houston Rockets,89,Miami Heat,109,1.0,1.0
Denver Nuggets,93,Oklahoma City Thunder,117,1.0,1.0
Milwaukee Bucks,87,Toronto Raptors,106,1.0,1.0
Milwaukee Bucks,103,Brooklyn Nets,96,0.0,1.0
Memphis Grizzlies,69,Golden State Warriors,119,1.0,1.0
Oklahoma City Thunder,105,Houston Rockets,110,0.0,0.0
Phoenix Suns,96,Los Angeles Clippers,102,1.0,1.0
Portland Trail Blazers,106,Minnesota Timberwolves,101,1.0,2.0
San Antonio Spurs,94,New York Knicks,84,0.0,1.0
Cleveland Cavaliers,107,Philadelphia 76ers,100,2.0,2.0
Chicago Bulls,105,Charlotte Hornets,130,1.0,1.0
Toronto Raptors,102,Dallas Mavericks,91,1.0,1.0
Indiana Pacers,94,Detroit Pistons,82,2.0,3.0
Denver Nuggets,120,Los Angeles Lakers,109,1.0,1.0
Atlanta Hawks,98,Miami Heat,92,1.0,1.0
Orlando Magic,103,New Orleans Pelicans,94,1.0,2.0
Memphis Grizzlies,103,Sacramento Kings,89,0.0,2.0
Brooklyn Nets,87,Atlanta Hawks,101,1.0,0.0
New York Knicks,86,Cleveland Cavaliers,96,1.0,1.0
Los Angeles Clippers,108,Golden State Warriors,112,1.0,1.0
Orlando Magic,114,Houston Rockets,119,0.0,1.0
Boston Celtics,98,Indiana Pacers,100,2.0,0.0
Philadelphia 76ers,87,Milwaukee Bucks,91,1.0,1.0
Toronto Raptors,103,Oklahoma City Thunder,98,0.0,1.0
Sacramento Kings,97,Phoenix Suns,118,0.0,1.0
Portland Trail Blazers,108,Utah Jazz,92,1.0,3.0
San Antonio Spurs,99,Washington Wizards,102,1.0,3.0
Oklahoma City Thunder,98,Chicago Bulls,104,0.0,1.0
Charlotte Hornets,108,Dallas Mavericks,94,1.0,1.0
Utah Jazz,96,Denver Nuggets,84,0.0,1.0
Miami Heat,96,Minnesota Timberwolves,84,1.0,2.0
Memphis Grizzlies,96,Portland Trail Blazers,115,1.0,0.0
Washington Wizards,98,Boston Celtics,118,1.0,1.0
Los Angeles Lakers,104,Brooklyn Nets,98,2.0,1.0
Philadelphia 76ers,102,Cleveland Cavaliers,108,1.0,1.0
Denver Nuggets,104,Golden State Warriors,119,0.0,1.0
Miami Heat,87,Indiana Pacers,90,0.0,1.0
Atlanta Hawks,121,New Orleans Pelicans,115,1.0,2.0
Milwaukee Bucks,99,New York Knicks,92,1.0,1.0
Toronto Raptors,87,Orlando Magic,92,1.0,1.0
Detroit Pistons,100,Phoenix Suns,92,2.0,1.0
Houston Rockets,116,Sacramento Kings,110,1.0,1.0
Washington Wizards,99,Atlanta Hawks,114,0.0,0.0
Minnesota Timberwolves,102,Chicago Bulls,93,1.0,1.0
New Orleans Pelicans,98,Dallas Mavericks,107,0.0,1.0
Houston Rockets,109,Los Angeles Clippers,105,0.0,2.0
Brooklyn Nets,86,Milwaukee Bucks,94,0.0,0.0
Orlando Magic,105,Philadelphia 76ers,97,0.0,0.0
Golden State Warriors,103,Sacramento Kings,94,0.0,0.0
Charlotte Hornets,94,San Antonio Spurs,114,1.0,2.0
Memphis Grizzlies,79,Utah Jazz,89,1.0,1.0
Indiana Pacers,97,Cleveland Cavaliers,101,1.0,1.0
Toronto Raptors,76,Miami Heat,96,1.0,1.0
Los Angeles Lakers,95,New York Knicks,99,1.0,1.0
Phoenix Suns,103,Oklahoma City Thunder,124,1.0,2.0
Detroit Pistons,120,Portland Trail Blazers,103,1.0,2.0
Minnesota Timberwolves,117,Atlanta Hawks,107,1.0,1.0
Portland Trail Blazers,104,Denver Nuggets,108,0.0,2.0
Detroit Pistons,95,Golden State Warriors,109,0.0,1.0
Orlando Magic,84,Indiana Pacers,97,1.0,0.0
Memphis Grizzlies,92,Los Angeles Clippers,94,1.0,1.0
Chicago Bulls,111,Philadelphia 76ers,88,1.0,1.0
San Antonio Spurs,106,Sacramento Kings,88,1.0,1.0
Utah Jazz,114,Cleveland Cavaliers,118,2.0,1.0
Los Angeles Lakers,88,Miami Heat,101,1.0,1.0
Boston Celtics,99,Milwaukee Bucks,83,3.0,2.0
Charlotte Hornets,104,Minnesota Timberwolves,95,2.0,0.0
Dallas Mavericks,105,New Orleans Pelicans,120,2.0,2.0
New York Knicks,111,Toronto Raptors,109,1.0,1.0
Oklahoma City Thunder,125,Washington Wizards,101,1.0,2.0
New Orleans Pelicans,98,Atlanta Hawks,106,0.0,1.0
Indiana Pacers,102,Boston Celtics,91,1.0,0.0
New York Knicks,93,Charlotte Hornets,95,0.0,0.0
Los Angeles Clippers,108,Dallas Mavericks,118,1.0,0.0
Milwaukee Bucks,102,Denver Nuggets,103,0.0,1.0
Brooklyn Nets,106,Houston Rockets,98,3.0,3.0
Golden State Warriors,100,Memphis Grizzlies,84,1.0,1.0
Los Angeles Lakers,99,Orlando Magic,101,0.0,1.0
Toronto Raptors,119,Philadelphia 76ers,103,0.0,1.0
San Antonio Spurs,113,Portland Trail Blazers,101,1.0,1.0
Detroit Pistons,92,Sacramento Kings,101,1.0,1.0
Utah Jazz,91,Miami Heat,92,1.0,1.0
Golden State Warriors,129,Minnesota Timberwolves,116,0.0,1.0
Los Angeles Clippers,104,Phoenix Suns,118,0.0,3.0
Atlanta Hawks,93,Boston Celtics,106,1.0,1.0
Charlotte Hornets,97,Chicago Bulls,102,1.0,3.0
Los Angeles Lakers,82,Dallas Mavericks,90,1.0,1.0
Houston Rockets,98,Denver Nuggets,107,1.0,1.0
Minnesota Timberwolves,103,Indiana Pacers,107,0.0,1.0
Portland Trail Blazers,100,Memphis Grizzlies,101,1.0,1.0
Cleveland Cavaliers,90,New York Knicks,84,2.0,1.0
Philadelphia 76ers,85,Oklahoma City Thunder,102,1.0,2.0
Utah Jazz,93,Orlando Magic,102,0.0,1.0
Brooklyn Nets,109,Sacramento Kings,111,1.0,1.0
New Orleans Pelicans,81,Toronto Raptors,100,1.0,1.0
Brooklyn Nets,99,Golden State Warriors,107,0.0,1.0
Dallas Mavericks,110,Houston Rockets,98,0.0,0.0
Detroit Pistons,96,Los Angeles Clippers,101,2.0,1.0
Cleveland Cavaliers,105,Milwaukee Bucks,108,0.0,2.0
Denver Nuggets,81,Phoenix Suns,105,0.0,1.0
Philadelphia 76ers,83,San Antonio Spurs,92,0.0,2.0
Orlando Magic,99,Washington Wizards,108,0.0,3.0
Utah Jazz,97,Atlanta Hawks,96,1.0,1.0
Portland Trail Blazers,94,Charlotte Hornets,106,1.0,1.0
Detroit Pistons,85,Los Angeles Lakers,97,0.0,1.0
Memphis Grizzlies,114,Minnesota Timberwolves,106,1.0,1.0
New Orleans Pelicans,87,New York Knicks,95,1.0,1.0
Boston Celtics,100,Oklahoma City Thunder,85,1.0,1.0
Toronto Raptors,101,Sacramento Kings,107,1.0,1.0
Indiana Pacers,95,Chicago Bulls,96,2.0,2.0
Boston Celtics,111,Houston Rockets,95,0.0,1.0
Oklahoma City Thunder,114,Memphis Grizzlies,122,0.0,0.0
Dallas Mavericks,92,Philadelphia 76ers,86,1.0,1.0
Los Angeles Lakers,101,Phoenix Suns,120,0.0,1.0
Portland Trail Blazers,80,San Antonio Spurs,93,0.0,1.0
Atlanta Hawks,88,Brooklyn Nets,90,1.0,2.0
Cleveland Cavaliers,99,Detroit Pistons,104,2.0,1.0
Toronto Raptors,110,Golden State Warriors,115,1.0,2.0
Minnesota Timberwolves,103,Miami Heat,91,1.0,4.0
Denver Nuggets,115,New Orleans Pelicans,98,2.0,1.0
Charlotte Hornets,94,New York Knicks,102,1.0,1.0
Milwaukee Bucks,86,Washington Wizards,115,2.0,2.0
Sacramento Kings,97,Atlanta Hawks,103,2.0,0.0
Dallas Mavericks,106,Boston Celtics,102,1.0,1.0
Brooklyn Nets,111,Charlotte Hornets,116,0.0,0.0
Portland Trail Blazers,103,Houston Rockets,108,1.0,1.0
New Orleans Pelicans,103,Oklahoma City Thunder,110,0.0,1.0
Minnesota Timberwolves,101,Orlando Magic,104,0.0,3.0
Indiana Pacers,112,Philadelphia 76ers,85,1.0,1.0
Chicago Bulls,103,Phoenix Suns,97,1.0,1.0
Denver Nuggets,98,San Antonio Spurs,109,0.0,1.0
Toronto Raptors,89,Utah Jazz,93,0.0,2.0
Milwaukee Bucks,100,Cleveland Cavaliers,115,1.0,1.0
Golden State Warriors,124,Los Angeles Clippers,117,1.0,4.0
Sacramento Kings,109,Miami Heat,116,0.0,1.0
Brooklyn Nets,95,Boston Celtics,120,1.0,1.0
Philadelphia 76ers,88,Charlotte Hornets,113,1.0,1.0
Utah Jazz,93,Dallas Mavericks,102,1.0,1.0
Phoenix Suns,114,Denver Nuggets,107,1.0,1.0
Chicago Bulls,94,Golden State Warriors,106,1.0,0.0
Toronto Raptors,102,Los Angeles Lakers,91,1.0,3.0
Houston Rockets,84,Memphis Grizzlies,96,1.0,3.0
Detroit Pistons,96,Minnesota Timberwolves,86,2.0,1.0
San Antonio Spurs,90,New Orleans Pelicans,104,1.0,1.0
New York Knicks,93,Oklahoma City Thunder,90,2.0,1.0
Los Angeles Clippers,91,Portland Trail Blazers,102,0.0,1.0
Atlanta Hawks,97,Cleveland Cavaliers,109,2.0,1.0
Washington Wizards,97,Detroit Pistons,95,3.0,0.0
New York Knicks,107,Houston Rockets,102,0.0,0.0
Milwaukee Bucks,86,Indiana Pacers,123,1.0,2.0
Philadelphia 76ers,91,Miami Heat,96,0.0,1.0
Sacramento Kings,97,Orlando Magic,91,1.0,2.0
Memphis Grizzlies,82,San Antonio Spurs,92,0.0,0.0
Boston Celtics,101,Brooklyn Nets,111,1.0,1.0
Golden State Warriors,118,Denver Nuggets,105,1.0,1.0
Toronto Raptors,91,Los Angeles Clippers,80,1.0,1.0
Portland Trail Blazers,107,Los Angeles Lakers,93,1.0,1.0
Phoenix Suns,116,New Orleans Pelicans,122,1.0,1.0
Dallas Mavericks,114,Oklahoma City Thunder,117,1.0,1.0
Sacramento Kings,122,Charlotte Hornets,127,1.0,2.0
Orlando Magic,103,Cleveland Cavaliers,117,1.0,1.0
New York Knicks,78,Miami Heat,95,1.0,1.0
Detroit Pistons,88,Milwaukee Bucks,109,1.0,1.0
Philadelphia 76ers,95,Minnesota Timberwolves,100,1.0,2.0
Phoenix Suns,84,San Antonio Spurs,98,0.0,1.0
Oklahoma City Thunder,111,Utah Jazz,89,0.0,2.0
Boston Celtics,97,Atlanta Hawks,121,1.0,2.0
Los Angeles Clippers,111,Denver Nuggets,94,1.0,1.0
Los Angeles Lakers,77,Golden State Warriors,111,1.0,1.0
Dallas Mavericks,96,Memphis Grizzlies,110,1.0,2.0
Chicago Bulls,93,Portland Trail Blazers,88,3.0,1.0
Indiana Pacers,123,Washington Wizards,106,2.0,2.0
Philadelphia 76ers,80,Boston Celtics,84,1.0,0.0
Washington Wizards,87,Charlotte Hornets,101,0.0,1.0
Miami Heat,81,Detroit Pistons,104,1.0,1.0
Memphis Grizzlies,102,Houston Rockets,93,0.0,3.0
Utah Jazz,102,Los Angeles Clippers,91,1.0,0.0
Sacramento Kings,129,Milwaukee Bucks,118,1.0,1.0
Atlanta Hawks,95,Minnesota Timberwolves,99,0.0,1.0
Brooklyn Nets,99,Oklahoma City Thunder,110,2.0,1.0
New York Knicks,91,Orlando Magic,100,1.0,1.0
New Orleans Pelicans,120,Phoenix Suns,114,2.0,1.0
Dallas Mavericks,83,San Antonio Spurs,88,0.0,1.0
Cleveland Cavaliers,99,Toronto Raptors,103,1.0,2.0
Washington Wizards,78,Boston Celtics,111,1.0,1.0
Cleveland Cavaliers,95,Charlotte Hornets,90,1.0,1.0
San Antonio Spurs,91,Denver Nuggets,80,1.0,2.0
Philadelphia 76ers,114,Houston Rockets,116,1.0,1.0
Chicago Bulls,92,Indiana Pacers,104,2.0,2.0
New Orleans Pelicans,90,Los Angeles Clippers,111,1.0,1.0
Atlanta Hawks,116,Memphis Grizzlies,101,1.0,1.0
Miami Heat,97,New York Knicks,78,1.0,1.0
Detroit Pistons,87,Oklahoma City Thunder,103,1.0,1.0
Milwaukee Bucks,90,Orlando Magic,114,1.0,1.0
Golden State Warriors,135,Phoenix Suns,116,2.0,1.0
Minnesota Timberwolves,101,Sacramento Kings,91,1.0,1.0
Brooklyn Nets,88,Cleveland Cavaliers,90,2.0,0.0
Denver Nuggets,81,Dallas Mavericks,92,0.0,2.0
Sacramento Kings,101,Golden State Warriors,120,0.0,0.0
Los Angeles Lakers,96,Portland Trail Blazers,108,3.0,3.0
Atlanta Hawks,88,San Antonio Spurs,108,0.0,0.0
New Orleans Pelicans,87,Utah Jazz,101,0.0,2.0
Toronto Raptors,84,Washington Wizards,82,2.0,0.0
Detroit Pistons,83,Brooklyn Nets,87,1.0,0.0
Milwaukee Bucks,82,Charlotte Hornets,87,1.0,1.0
Minnesota Timberwolves,99,Los Angeles Clippers,107,1.0,1.0
Indiana Pacers,107,Los Angeles Lakers,103,1.0,0.0
Philadelphia 76ers,84,Memphis Grizzlies,92,1.0,1.0
Houston Rockets,116,New York Knicks,111,1.0,1.0
Boston Celtics,91,Orlando Magic,110,1.0,1.0
Phoenix Suns,107,Toronto Raptors,102,1.0,0.0
Oklahoma City Thunder,100,Atlanta Hawks,106,2.0,1.0
San Antonio Spurs,89,Chicago Bulls,92,1.0,2.0
Houston Rockets,105,Detroit Pistons,116,0.0,0.0
Portland Trail Blazers,87,Los Angeles Clippers,102,1.0,0.0
Boston Celtics,105,Miami Heat,95,0.0,2.0
Denver Nuggets,74,Milwaukee Bucks,92,1.0,0.0
Dallas Mavericks,98,Sacramento Kings,112,1.0,1.0
Golden State Warriors,106,Utah Jazz,103,1.0,1.0
Phoenix Suns,91,Brooklyn Nets,94,1.0,1.0
Washington Wizards,97,Cleveland Cavaliers,85,2.0,2.0
Orlando Magic,96,Minnesota Timberwolves,93,1.0,1.0
Memphis Grizzlies,113,New Orleans Pelicans,104,1.0,2.0
Los Angeles Lakers,91,Philadelphia 76ers,103,1.0,1.0
Dallas Mavericks,115,Portland Trail Blazers,112,0.0,0.0
Toronto Raptors,96,Atlanta Hawks,86,2.0,1.0
Denver Nuggets,90,Chicago Bulls,99,1.0,1.0
Golden State Warriors,116,Charlotte Hornets,99,1.0,2.0
Phoenix Suns,122,Detroit Pistons,127,0.0,1.0
New Orleans Pelicans,101,Houston Rockets,108,0.0,1.0
Indiana Pacers,103,Los Angeles Clippers,91,2.0,1.0
Philadelphia 76ers,87,New York Knicks,99,0.0,2.0
Milwaukee Bucks,70,San Antonio Spurs,95,1.0,1.0
Los Angeles Lakers,108,Washington Wizards,104,0.0,0.0
San Antonio Spurs,103,Memphis Grizzlies,83,0.0,1.0
Oklahoma City Thunder,95,Miami Heat,97,2.0,2.0
Indiana Pacers,111,Portland Trail Blazers,123,0.0,1.0
Boston Celtics,114,Sacramento Kings,97,2.0,2.0
Denver Nuggets,106,Toronto Raptors,105,0.0,0.0
Orlando Magic,103,Utah Jazz,94,1.0,2.0
Los Angeles Lakers,87,Atlanta Hawks,100,1.0,1.0
Houston Rockets,100,Dallas Mavericks,96,1.0,2.0
Milwaukee Bucks,95,Detroit Pistons,102,1.0,1.0
Cleveland Cavaliers,108,New Orleans Pelicans,114,2.0,1.0
Brooklyn Nets,91,New York Knicks,108,2.0,1.0
Phoenix Suns,106,Washington Wizards,109,1.0,1.0
Charlotte Hornets,102,Chicago Bulls,96,2.0,2.0
Sacramento Kings,113,Houston Rockets,120,1.0,0.0
Orlando Magic,101,Los Angeles Clippers,103,1.0,2.0
Cleveland Cavaliers,84,Miami Heat,99,0.0,1.0
New York Knicks,91,Milwaukee Bucks,106,0.0,0.0
Portland Trail Blazers,109,Minnesota Timberwolves,103,1.0,3.0
Denver Nuggets,108,Philadelphia 76ers,105,1.0,2.0
Boston Celtics,105,San Antonio Spurs,108,1.0,1.0
Golden State Warriors,112,Toronto Raptors,109,2.0,1.0
Indiana Pacers,119,Utah Jazz,122,1.0,1.0
Golden State Warriors,114,Brooklyn Nets,98,0.0,1.0
Los Angeles Lakers,91,Detroit Pistons,111,1.0,1.0
Phoenix Suns,93,Memphis Grizzlies,95,1.0,2.0
Sacramento Kings,95,Oklahoma City Thunder,98,0.0,2.0
Dallas Mavericks,116,Washington Wizards,104,1.0,1.0
Phoenix Suns,103,Chicago Bulls,101,0.0,1.0
Detroit Pistons,84,Charlotte Hornets,104,0.0,1.0
Washington Wizards,114,Miami Heat,103,0.0,1.0
Portland Trail Blazers,88,Milwaukee Bucks,90,1.0,1.0
Los Angeles Clippers,110,Minnesota Timberwolves,106,1.0,1.0
Boston Celtics,111,New Orleans Pelicans,93,1.0,2.0
Dallas Mavericks,104,New York Knicks,97,0.0,1.0
San Antonio Spurs,119,Philadelphia 76ers,68,1.0,1.0
Los Angeles Lakers,93,Toronto Raptors,102,0.0,1.0
Houston Rockets,105,Brooklyn Nets,110,2.0,1.0
Portland Trail Blazers,100,Cleveland Cavaliers,105,0.0,2.0
Orlando Magic,85,Denver Nuggets,74,2.0,2.0
Golden State Warriors,131,Indiana Pacers,123,1.0,2.0
Oklahoma City Thunder,125,Memphis Grizzlies,88,1.0,1.0
Utah Jazz,106,Sacramento Kings,114,2.0,1.0
Chicago Bulls,100,Boston Celtics,105,1.0,1.0
Miami Heat,81,Charlotte Hornets,99,1.0,1.0
Atlanta Hawks,98,Dallas Mavericks,95,4.0,1.0
Memphis Grizzlies,93,Detroit Pistons,92,0.0,1.0
Los Angeles Clippers,109,Milwaukee Bucks,95,1.0,1.0
Los Angeles Lakers,122,Minnesota Timberwolves,123,1.0,1.0
Orlando Magic,104,Phoenix Suns,107,0.0,1.0
San Antonio Spurs,94,Toronto Raptors,97,1.0,1.0
New York Knicks,85,Utah Jazz,106,1.0,0.0
Houston Rockets,109,Washington Wizards,103,0.0,1.0
Philadelphia 76ers,91,Brooklyn Nets,100,2.0,1.0
Los Angeles Clippers,80,Chicago Bulls,83,0.0,0.0
Atlanta Hawks,94,Oklahoma City Thunder,107,0.0,1.0
New York Knicks,97,Sacramento Kings,99,0.0,1.0
Golden State Warriors,124,Boston Celtics,119,2.0,1.0
Minnesota Timberwolves,108,Denver Nuggets,111,1.0,2.0
Miami Heat,83,Indiana Pacers,96,1.0,2.0
Charlotte Hornets,123,Memphis Grizzlies,99,1.0,1.0
Washington Wizards,105,New Orleans Pelicans,107,1.0,3.0
Cleveland Cavaliers,111,Orlando Magic,76,2.0,1.0
Detroit Pistons,107,Philadelphia 76ers,95,1.0,0.0
Portland Trail Blazers,106,Phoenix Suns,96,2.0,1.0
Los Angeles Lakers,87,San Antonio Spurs,109,1.0,1.0
Milwaukee Bucks,83,Toronto Raptors,90,1.0,1.0
Oklahoma City Thunder,94,Utah Jazz,90,0.0,1.0
San Antonio Spurs,103,Atlanta Hawks,78,0.0,1.0
Los Angeles Clippers,105,Brooklyn Nets,100,1.0,1.0
New Orleans Pelicans,94,Chicago Bulls,98,0.0,1.0
Boston Celtics,98,Charlotte Hornets,93,0.0,0.0
Washington Wizards,114,Dallas Mavericks,111,0.0,2.0
Indiana Pacers,96,Detroit Pistons,118,0.0,0.0
Los Angeles Lakers,97,Houston Rockets,126,0.0,2.0
Golden State Warriors,95,Milwaukee Bucks,108,0.0,0.0
New York Knicks,112,Portland Trail Blazers,110,1.0,0.0
Memphis Grizzlies,97,Miami Heat,100,1.0,1.0
Utah Jazz,98,Oklahoma City Thunder,104,1.0,1.0
Minnesota Timberwolves,101,Phoenix Suns,108,1.0,1.0
Philadelphia 76ers,76,Toronto Raptors,96,1.0,1.0
Miami Heat,100,Atlanta Hawks,88,0.0,1.0
Orlando Magic,105,Brooklyn Nets,82,2.0,1.0
Philadelphia 76ers,96,Chicago Bulls,115,0.0,1.0
Phoenix Suns,94,Dallas Mavericks,104,0.0,1.0
Houston Rockets,108,Denver Nuggets,114,1.0,2.0
Los Angeles Clippers,105,Detroit Pistons,103,1.0,1.0
Toronto Raptors,90,Indiana Pacers,106,0.0,1.0
Washington Wizards,95,Memphis Grizzlies,112,1.0,0.0
New Orleans Pelicans,101,Portland Trail Blazers,105,1.0,1.0
Utah Jazz,81,San Antonio Spurs,118,0.0,1.0
Cleveland Cavaliers,89,Boston Celtics,77,3.0,2.0
Milwaukee Bucks,95,Los Angeles Lakers,113,2.0,2.0
Denver Nuggets,112,Minnesota Timberwolves,100,0.0,1.0
Houston Rockets,97,Sacramento Kings,107,0.0,4.0
Philadelphia 76ers,106,Atlanta Hawks,127,1.0,1.0
Miami Heat,104,Brooklyn Nets,98,1.0,1.0
Memphis Grizzlies,85,Chicago Bulls,98,1.0,1.0
Boston Celtics,116,Detroit Pistons,119,0.0,1.0
Phoenix Suns,103,Golden State Warriors,128,1.0,3.0
Dallas Mavericks,81,Indiana Pacers,107,1.0,1.0
Milwaukee Bucks,90,Los Angeles Clippers,103,0.0,1.0
Minnesota Timberwolves,102,New York Knicks,107,0.0,3.0
Portland Trail Blazers,90,Oklahoma City Thunder,106,1.0,2.0
Charlotte Hornets,98,Orlando Magic,113,3.0,1.0
Washington Wizards,95,San Antonio Spurs,114,1.0,1.0
New Orleans Pelicans,104,Utah Jazz,94,1.0,1.0
Toronto Raptors,99,Charlotte Hornets,109,2.0,0.0
Oklahoma City Thunder,100,Cleveland Cavaliers,104,0.0,1.0
Houston Rockets,107,Los Angeles Lakers,87,1.0,1.0
Atlanta Hawks,109,Boston Celtics,101,1.0,1.0
Detroit Pistons,147,Chicago Bulls,144,1.0,1.0
Memphis Grizzlies,88,Dallas Mavericks,97,1.0,1.0
Milwaukee Bucks,112,Golden State Warriors,121,1.0,1.0
Brooklyn Nets,97,Indiana Pacers,104,1.0,1.0
Toronto Raptors,108,Miami Heat,94,0.0,1.0
Sacramento Kings,95,Minnesota Timberwolves,99,2.0,1.0
Portland Trail Blazers,94,Orlando Magic,102,1.0,1.0
New York Knicks,107,Philadelphia 76ers,97,1.0,1.0
New Orleans Pelicans,88,Phoenix Suns,104,1.0,1.0
Los Angeles Clippers,107,San Antonio Spurs,115,1.0,1.0
Denver Nuggets,88,Utah Jazz,97,2.0,1.0
Los Angeles Clippers,97,Houston Rockets,107,0.0,1.0
Indiana Pacers,84,Memphis Grizzlies,96,0.0,0.0
Chicago Bulls,91,New York Knicks,107,0.0,0.0
Los Angeles Lakers,78,Oklahoma City Thunder,118,1.0,1.0
Charlotte Hornets,101,Washington Wizards,109,1.0,2.0
Minnesota Timberwolves,100,Brooklyn Nets,85,1.0,1.0
Philadelphia 76ers,86,Cleveland Cavaliers,108,1.0,2.0
New Orleans Pelicans,130,Denver Nuggets,125,1.0,1.0
Portland Trail Blazers,109,Miami Heat,116,1.0,1.0
Atlanta Hawks,103,Orlando Magic,100,1.0,1.0
Milwaukee Bucks,101,Phoenix Suns,95,1.0,1.0
Sacramento Kings,104,Toronto Raptors,94,1.0,1.0
Portland Trail Blazers,97,Atlanta Hawks,106,0.0,0.0
Minnesota Timberwolves,99,Boston Celtics,113,0.0,2.0
Brooklyn Nets,105,Chicago Bulls,102,0.0,1.0
Charlotte Hornets,95,Houston Rockets,102,1.0,1.0
Oklahoma City Thunder,100,Los Angeles Clippers,99,1.0,1.0
Orlando Magic,107,New York Knicks,99,0.0,1.0
Indiana Pacers,92,San Antonio Spurs,106,1.0,2.0
Phoenix Suns,89,Utah Jazz,110,0.0,2.0
Sacramento Kings,99,Washington Wizards,113,0.0,1.0
Los Angeles Lakers,111,Denver Nuggets,107,2.0,1.0
Detroit Pistons,93,Miami Heat,92,3.0,1.0
Memphis Grizzlies,104,Philadelphia 76ers,90,2.0,1.0
Dallas Mavericks,99,Toronto Raptors,103,3.0,1.0
Detroit Pistons,100,Atlanta Hawks,107,0.0,1.0
Dallas Mavericks,119,Brooklyn Nets,118,0.0,1.0
Boston Celtics,102,Charlotte Hornets,89,1.0,1.0
New York Knicks,84,Cleveland Cavaliers,91,1.0,2.0
Utah Jazz,85,Golden State Warriors,103,1.0,4.0
Sacramento Kings,108,Indiana Pacers,106,1.0,1.0
Oklahoma City Thunder,120,Los Angeles Lakers,85,1.0,0.0
Philadelphia 76ers,100,Milwaukee Bucks,113,0.0,2.0
San Antonio Spurs,108,Minnesota Timberwolves,83,1.0,1.0
Portland Trail Blazers,89,New Orleans Pelicans,115,1.0,2.0
Houston Rockets,101,Orlando Magic,104,1.0,1.0
Denver Nuggets,104,Phoenix Suns,96,0.0,1.0
Memphis Grizzlies,91,Washington Wizards,100,0.0,1.0
Cleveland Cavaliers,83,Golden State Warriors,89,1.0,1.0
San Antonio Spurs,84,Houston Rockets,88,1.0,1.0
Los Angeles Clippers,94,Los Angeles Lakers,84,3.0,1.0
New Orleans Pelicans,88,Miami Heat,94,1.0,2.0
Chicago Bulls,105,Oklahoma City Thunder,96,3.0,1.0
New York Knicks,98,Atlanta Hawks,117,2.0,2.0
Washington Wizards,111,Brooklyn Nets,96,2.0,2.0
Memphis Grizzlies,92,Charlotte Hornets,98,2.0,2.0
Chicago Bulls,111,Dallas Mavericks,118,0.0,2.0
Boston Celtics,99,Detroit Pistons,93,2.0,2.0
Toronto Raptors,111,Milwaukee Bucks,90,3.0,2.0
Indiana Pacers,102,Minnesota Timberwolves,88,2.0,2.0
Houston Rockets,108,New Orleans Pelicans,110,0.0,0.0
Miami Heat,108,Orlando Magic,101,0.0,2.0
Philadelphia 76ers,111,Phoenix Suns,104,2.0,2.0
Cleveland Cavaliers,76,Portland Trail Blazers,105,0.0,2.0
Denver Nuggets,86,San Antonio Spurs,101,2.0,0.0
Los Angeles Clippers,109,Utah Jazz,104,0.0,2.0
New York Knicks,91,Boston Celtics,100,0.0,0.0
Los Angeles Lakers,96,Memphis Grizzlies,112,1.0,0.0
Denver Nuggets,112,Oklahoma City Thunder,122,0.0,1.0
Portland Trail Blazers,98,Sacramento Kings,94,0.0,3.0
Toronto Raptors,97,Chicago Bulls,104,1.0,1.0
Los Angeles Lakers,98,Charlotte Hornets,108,0.0,1.0
Milwaukee Bucks,93,Dallas Mavericks,103,1.0,1.0
Sacramento Kings,103,Golden State Warriors,122,0.0,2.0
Atlanta Hawks,87,Indiana Pacers,93,1.0,1.0
Brooklyn Nets,111,Miami Heat,105,1.0,1.0
New Orleans Pelicans,89,Orlando Magic,104,1.0,1.0
Cleveland Cavaliers,101,Phoenix Suns,97,1.0,1.0
Minnesota Timberwolves,95,San Antonio Spurs,101,1.0,1.0
Philadelphia 76ers,91,Utah Jazz,95,1.0,1.0
Los Angeles Clippers,108,Washington Wizards,91,1.0,1.0
Cleveland Cavaliers,93,Denver Nuggets,87,0.0,1.0
Atlanta Hawks,121,Houston Rockets,115,0.0,2.0
Miami Heat,90,Memphis Grizzlies,99,0.0,1.0
Detroit Pistons,96,New York Knicks,108,2.0,1.0
Milwaukee Bucks,123,Oklahoma City Thunder,131,0.0,1.0
Los Angeles Lakers,112,Boston Celtics,104,1.0,2.0
Indiana Pacers,100,Chicago Bulls,102,1.0,1.0
Los Angeles Clippers,122,Charlotte Hornets,117,1.0,1.0
Golden State Warriors,91,Dallas Mavericks,114,1.0,1.0
Utah Jazz,80,Minnesota Timberwolves,94,1.0,1.0
Brooklyn Nets,93,Orlando Magic,100,1.0,1.0
Denver Nuggets,103,Portland Trail Blazers,110,0.0,2.0
Philadelphia 76ers,110,Sacramento Kings,105,1.0,1.0
Phoenix Suns,79,San Antonio Spurs,112,1.0,1.0
Washington Wizards,91,Toronto Raptors,94,1.0,1.0
Minnesota Timberwolves,90,Detroit Pistons,115,0.0,1.0
Golden State Warriors,114,Houston Rockets,110,0.0,1.0
Milwaukee Bucks,120,Indiana Pacers,116,1.0,0.0
Los Angeles Clippers,95,New Orleans Pelicans,89,0.0,2.0
Phoenix Suns,106,Oklahoma City Thunder,110,0.0,1.0
Portland Trail Blazers,96,Utah Jazz,109,0.0,0.0
New York Knicks,81,Chicago Bulls,108,2.0,1.0
Philadelphia 76ers,84,Los Angeles Lakers,93,1.0,1.0
Dallas Mavericks,82,Miami Heat,106,1.0,2.0
Charlotte Hornets,94,Toronto Raptors,104,1.0,1.0
Orlando Magic,91,Washington Wizards,103,1.0,1.0
Brooklyn Nets,100,Boston Celtics,97,2.0,2.0
Oklahoma City Thunder,109,Charlotte Hornets,90,1.0,0.0
Orlando Magic,79,Cleveland Cavaliers,104,0.0,3.0
New Orleans Pelicans,105,Dallas Mavericks,98,1.0,0.0
Denver Nuggets,108,Golden State Warriors,111,2.0,1.0
Detroit Pistons,82,Indiana Pacers,94,1.0,1.0
Philadelphia 76ers,99,Los Angeles Clippers,130,0.0,1.0
Milwaukee Bucks,95,Minnesota Timberwolves,85,1.0,1.0
Phoenix Suns,119,Sacramento Kings,142,1.0,2.0
Houston Rockets,103,San Antonio Spurs,121,1.0,2.0
Memphis Grizzlies,87,Utah Jazz,92,3.0,1.0
Portland Trail Blazers,112,Denver Nuggets,106,2.0,0.0
Phoenix Suns,77,Los Angeles Lakers,97,0.0,1.0
Atlanta Hawks,97,New York Knicks,111,4.0,1.0
Chicago Bulls,115,Toronto Raptors,113,1.0,1.0
Miami Heat,97,Washington Wizards,75,1.0,1.0
Boston Celtics,103,Brooklyn Nets,94,1.0,1.0
Toronto Raptors,100,Cleveland Cavaliers,122,0.0,1.0
Orlando Magic,89,Detroit Pistons,115,1.0,1.0
Charlotte Hornets,101,Golden State Warriors,111,1.0,1.0
Indiana Pacers,100,Miami Heat,103,1.0,0.0
San Antonio Spurs,123,Milwaukee Bucks,98,1.0,1.0
Sacramento Kings,116,Oklahoma City Thunder,104,1.0,1.0
Minnesota Timberwolves,99,Philadelphia 76ers,109,1.0,1.0
Memphis Grizzlies,91,Portland Trail Blazers,78,1.0,0.0
Houston Rockets,93,Utah Jazz,91,1.0,1.0
New York Knicks,107,Atlanta Hawks,101,1.0,1.0
Milwaukee Bucks,106,Chicago Bulls,117,0.0,1.0
Sacramento Kings,116,Dallas Mavericks,117,0.0,2.0
Golden State Warriors,109,Los Angeles Lakers,88,0.0,1.0
Detroit Pistons,99,Boston Celtics,94,1.0,1.0
Toronto Raptors,91,Brooklyn Nets,74,1.0,1.0
New York Knicks,98,Miami Heat,90,0.0,1.0
Denver Nuggets,78,Minnesota Timberwolves,74,2.0,1.0
Dallas Mavericks,100,New Orleans Pelicans,91,0.0,3.0
Memphis Grizzlies,94,Oklahoma City Thunder,112,1.0,1.0
Indiana Pacers,95,Orlando Magic,86,1.0,1.0
Charlotte Hornets,102,Phoenix Suns,111,1.0,2.0
Los Angeles Clippers,109,Portland Trail Blazers,98,3.0,1.0
Utah Jazz,98,San Antonio Spurs,123,1.0,1.0
Cleveland Cavaliers,121,Washington Wizards,115,1.0,2.0
Boston Celtics,92,Chicago Bulls,101,0.0,1.0
Utah Jazz,94,Houston Rockets,103,0.0,2.0
Atlanta Hawks,126,Philadelphia 76ers,98,1.0,2.0
Los Angeles Lakers,115,Sacramento Kings,118,1.0,1.0
Orlando Magic,83,Brooklyn Nets,77,1.0,1.0
Oklahoma City Thunder,117,Los Angeles Lakers,113,1.0,0.0
Denver Nuggets,84,Memphis Grizzlies,91,1.0,1.0
Dallas Mavericks,95,Milwaukee Bucks,96,1.0,2.0
Cleveland Cavaliers,125,Minnesota Timberwolves,99,1.0,1.0
Indiana Pacers,91,New Orleans Pelicans,86,1.0,1.0
Miami Heat,103,Phoenix Suns,95,1.0,1.0
Golden State Warriors,128,Portland Trail Blazers,108,2.0,1.0
New York Knicks,99,San Antonio Spurs,100,1.0,1.0
Toronto Raptors,97,Washington Wizards,88,1.0,1.0
Chicago Bulls,105,Atlanta Hawks,120,1.0,1.0
Brooklyn Nets,89,Detroit Pistons,103,0.0,2.0
Charlotte Hornets,83,Los Angeles Clippers,97,2.0,2.0
Washington Wizards,105,Orlando Magic,99,0.0,0.0
Toronto Raptors,108,Philadelphia 76ers,95,0.0,1.0
Golden State Warriors,128,Sacramento Kings,116,0.0,1.0
Miami Heat,83,Utah Jazz,98,0.0,1.0
Charlotte Hornets,92,Denver Nuggets,95,0.0,1.0
Indiana Pacers,103,Houston Rockets,107,1.0,2.0
New Orleans Pelicans,111,Los Angeles Clippers,114,1.0,0.0
Utah Jazz,86,Los Angeles Lakers,74,0.0,1.0
Boston Celtics,98,Memphis Grizzlies,101,2.0,1.0
Dallas Mavericks,93,Minnesota Timberwolves,87,1.0,1.0
Milwaukee Bucks,88,New York Knicks,100,1.0,1.0
Cleveland Cavaliers,95,Philadelphia 76ers,85,1.0,0.0
Oklahoma City Thunder,110,Portland Trail Blazers,115,1.0,1.0
San Antonio Spurs,106,Brooklyn Nets,79,2.0,1.0
Washington Wizards,114,Chicago Bulls,100,1.0,1.0
Miami Heat,103,Golden State Warriors,111,1.0,1.0
Cleveland Cavaliers,110,Dallas Mavericks,107,1.0,1.0
San Antonio Spurs,109,Detroit Pistons,99,0.0,2.0
Phoenix Suns,97,Indiana Pacers,116,3.0,1.0
New Orleans Pelicans,91,Los Angeles Lakers,95,1.0,1.0
Houston Rockets,107,Memphis Grizzlies,91,1.0,1.0
Chicago Bulls,101,Milwaukee Bucks,106,0.0,1.0
Oklahoma City Thunder,101,Minnesota Timberwolves,96,1.0,1.0
Boston Celtics,114,New York Knicks,120,1.0,1.0
Indiana Pacers,94,Boston Celtics,103,0.0,0.0
New York Knicks,104,Brooklyn Nets,110,0.0,1.0
Atlanta Hawks,84,Charlotte Hornets,107,3.0,2.0
Golden State Warriors,110,Denver Nuggets,112,1.0,2.0
Minnesota Timberwolves,104,Houston Rockets,107,0.0,0.0
Miami Heat,90,Los Angeles Clippers,104,1.0,2.0
Dallas Mavericks,89,Oklahoma City Thunder,108,0.0,0.0
Utah Jazz,85,Portland Trail Blazers,99,2.0,2.0
New Orleans Pelicans,109,Sacramento Kings,97,0.0,3.0
Milwaukee Bucks,101,Washington Wizards,106,0.0,1.0
Los Angeles Lakers,98,Golden State Warriors,116,1.0,0.0
Detroit Pistons,101,Memphis Grizzlies,103,1.0,1.0
Toronto Raptors,106,Orlando Magic,103,4.0,4.0
Chicago Bulls,115,Philadelphia 76ers,111,1.0,3.0
Cleveland Cavaliers,95,San Antonio Spurs,99,1.0,1.0
Sacramento Kings,103,Utah Jazz,101,0.0,0.0
Phoenix Suns,103,Boston Celtics,117,2.0,1.0
Portland Trail Blazers,116,Brooklyn Nets,104,1.0,1.0
Dallas Mavericks,83,Chicago Bulls,77,1.0,0.0
Miami Heat,98,Denver Nuggets,95,1.0,1.0
Cleveland Cavaliers,91,Houston Rockets,77,0.0,1.0
Washington Wizards,118,Indiana Pacers,104,1.0,1.0
Atlanta Hawks,101,Milwaukee Bucks,108,1.0,1.0
Charlotte Hornets,107,New Orleans Pelicans,109,1.0,1.0
Minnesota Timberwolves,93,Oklahoma City Thunder,113,1.0,1.0
Brooklyn Nets,86,Atlanta Hawks,114,0.0,0.0
Milwaukee Bucks,105,Charlotte Hornets,92,0.0,0.0
Golden State Warriors,95,Detroit Pistons,113,1.0,1.0
Sacramento Kings,110,Los Angeles Clippers,103,1.0,2.0
New York Knicks,95,Memphis Grizzlies,103,2.0,1.0
Portland Trail Blazers,89,Philadelphia 76ers,114,0.0,1.0
Los Angeles Lakers,82,Utah Jazz,109,1.0,1.0
Boston Celtics,119,Washington Wizards,117,0.0,0.0
Indiana Pacers,126,Denver Nuggets,129,1.0,1.0
Houston Rockets,112,Los Angeles Lakers,95,1.0,0.0
Phoenix Suns,87,Minnesota Timberwolves,117,1.0,1.0
Miami Heat,74,Oklahoma City Thunder,99,1.0,1.0
Dallas Mavericks,83,San Antonio Spurs,112,1.0,2.0
Orlando Magic,81,Atlanta Hawks,98,3.0,1.0
Utah Jazz,119,Charlotte Hornets,124,1.0,1.0
Golden State Warriors,132,Cleveland Cavaliers,98,1.0,2.0
Boston Celtics,113,Dallas Mavericks,118,1.0,0.0
Chicago Bulls,111,Detroit Pistons,101,2.0,1.0
Houston Rockets,132,Los Angeles Clippers,140,0.0,1.0
New Orleans Pelicans,99,Memphis Grizzlies,101,2.0,1.0
Philadelphia 76ers,113,New York Knicks,119,1.0,1.0
Brooklyn Nets,100,Toronto Raptors,112,1.0,3.0
Portland Trail Blazers,108,Washington Wizards,98,1.0,1.0
Oklahoma City Thunder,110,Denver Nuggets,104,1.0,1.0
Milwaukee Bucks,91,Miami Heat,79,2.0,1.0
Minnesota Timberwolves,99,New Orleans Pelicans,114,1.0,0.0
Indiana Pacers,97,Phoenix Suns,94,1.0,1.0
Cleveland Cavaliers,91,Brooklyn Nets,78,1.0,1.0
Golden State Warriors,125,Chicago Bulls,94,1.0,1.0
Minnesota Timberwolves,94,Dallas Mavericks,106,0.0,1.0
Detroit Pistons,123,Houston Rockets,114,1.0,1.0
Sacramento Kings,112,Los Angeles Lakers,93,3.0,2.0
Utah Jazz,111,New York Knicks,118,1.0,1.0
Charlotte Hornets,95,Oklahoma City Thunder,109,1.0,0.0
Philadelphia 76ers,96,Orlando Magic,87,1.0,1.0
Atlanta Hawks,104,Portland Trail Blazers,98,1.0,1.0
Boston Celtics,109,Toronto Raptors,115,1.0,1.0
Miami Heat,87,Washington Wizards,106,0.0,1.0
Los Angeles Clippers,102,Cleveland Cavaliers,115,2.0,0.0
Memphis Grizzlies,102,Denver Nuggets,101,2.0,1.0
Detroit Pistons,99,New Orleans Pelicans,115,0.0,1.0
San Antonio Spurs,117,Phoenix Suns,89,3.0,1.0
Atlanta Hawks,88,Sacramento Kings,91,0.0,0.0
Chicago Bulls,101,Boston Celtics,110,1.0,1.0
Utah Jazz,108,Brooklyn Nets,86,1.0,1.0
Oklahoma City Thunder,109,Dallas Mavericks,106,1.0,1.0
Indiana Pacers,110,Golden State Warriors,122,2.0,1.0
Milwaukee Bucks,98,Houston Rockets,102,2.0,1.0
San Antonio Spurs,108,Los Angeles Lakers,95,0.0,1.0
Los Angeles Clippers,116,New York Knicks,88,0.0,1.0
Charlotte Hornets,120,Orlando Magic,116,1.0,1.0
Miami Heat,81,Toronto Raptors,101,1.0,1.0
New York Knicks,84,Charlotte Hornets,97,0.0,0.0
Chicago Bulls,96,Cleveland Cavaliers,83,0.0,1.0
Detroit Pistons,101,Denver Nuggets,104,1.0,1.0
Memphis Grizzlies,101,Minnesota Timberwolves,106,1.0,2.0
Milwaukee Bucks,99,New Orleans Pelicans,116,0.0,1.0
Atlanta Hawks,95,Phoenix Suns,98,1.0,1.0
Los Angeles Lakers,103,Portland Trail Blazers,121,0.0,2.0
Indiana Pacers,97,Sacramento Kings,108,0.0,1.0
Oklahoma City Thunder,106,Brooklyn Nets,116,1.0,1.0
Dallas Mavericks,104,Houston Rockets,115,1.0,1.0
Boston Celtics,112,Philadelphia 76ers,92,1.0,3.0
Los Angeles Clippers,94,Toronto Raptors,112,1.0,1.0
Miami Heat,89,Chicago Bulls,84,2.0,1.0
Minnesota Timberwolves,107,Cleveland Cavaliers,114,1.0,1.0
Atlanta Hawks,119,Denver Nuggets,105,1.0,1.0
San Antonio Spurs,90,Golden State Warriors,120,2.0,2.0
Orlando Magic,102,Memphis Grizzlies,108,2.0,1.0
Houston Rockets,112,New Orleans Pelicans,111,0.0,1.0
Charlotte Hornets,129,Sacramento Kings,128,1.0,1.0
Detroit Pistons,95,Utah Jazz,92,1.0,2.0
Boston Celtics,116,Washington Wizards,91,0.0,4.0
Miami Heat,102,Brooklyn Nets,98,0.0,1.0
Los Angeles Clippers,91,Indiana Pacers,89,1.0,2.0
Dallas Mavericks,92,Los Angeles Lakers,90,1.0,2.0
Orlando Magic,100,Milwaukee Bucks,107,0.0,2.0
Oklahoma City Thunder,128,New York Knicks,122,1.0,2.0
Phoenix Suns,103,Philadelphia 76ers,113,2.0,1.0
Sacramento Kings,97,Portland Trail Blazers,112,0.0,2.0
Washington Wizards,89,Toronto Raptors,106,0.0,1.0
Los Angeles Clippers,85,Atlanta Hawks,83,0.0,1.0
Denver Nuggets,103,Boston Celtics,111,1.0,1.0
Phoenix Suns,93,Cleveland Cavaliers,115,0.0,1.0
Philadelphia 76ers,97,Detroit Pistons,110,0.0,1.0
Dallas Mavericks,107,Golden State Warriors,127,0.0,1.0
Oklahoma City Thunder,126,Minnesota Timberwolves,123,0.0,1.0
Houston Rockets,99,San Antonio Spurs,130,1.0,1.0
Charlotte Hornets,73,Utah Jazz,102,1.0,1.0
Atlanta Hawks,92,Indiana Pacers,111,0.0,1.0
Chicago Bulls,114,Los Angeles Lakers,91,2.0,1.0
Milwaukee Bucks,83,Memphis Grizzlies,103,1.0,2.0
Sacramento Kings,105,New Orleans Pelicans,114,1.0,2.0
New York Knicks,93,Toronto Raptors,103,1.0,1.0
Denver Nuggets,117,Washington Wizards,113,0.0,1.0
Orlando Magic,94,Boston Celtics,113,2.0,1.0
Brooklyn Nets,79,Dallas Mavericks,91,2.0,1.0
Cleveland Cavaliers,114,Detroit Pistons,106,1.0,1.0
Los Angeles Lakers,93,Los Angeles Clippers,105,0.0,1.0
Miami Heat,107,Milwaukee Bucks,103,2.0,0.0
Phoenix Suns,84,New York Knicks,102,1.0,0.0
Houston Rockets,108,Oklahoma City Thunder,116,1.0,1.0
Charlotte Hornets,91,Portland Trail Blazers,109,1.0,2.0
Minnesota Timberwolves,90,Utah Jazz,103,1.0,1.0
San Antonio Spurs,103,Cleveland Cavaliers,117,2.0,0.0
Washington Wizards,123,Houston Rockets,122,1.0,0.0
Denver Nuggets,105,Indiana Pacers,109,1.0,1.0
Sacramento Kings,117,Memphis Grizzlies,121,1.0,1.0
Brooklyn Nets,103,New Orleans Pelicans,105,0.0,1.0
Golden State Warriors,108,Philadelphia 76ers,105,2.0,2.0
Detroit Pistons,107,Toronto Raptors,111,0.0,1.0
Phoenix Suns,78,Dallas Mavericks,91,1.0,1.0
Chicago Bulls,93,Los Angeles Clippers,120,2.0,1.0
Charlotte Hornets,101,Los Angeles Lakers,82,1.0,1.0
Atlanta Hawks,87,Miami Heat,105,2.0,1.0
Golden State Warriors,116,New York Knicks,95,0.0,1.0
Boston Celtics,114,Orlando Magic,119,1.0,1.0
Minnesota Timberwolves,93,Portland Trail Blazers,96,1.0,1.0
Dallas Mavericks,97,Atlanta Hawks,112,0.0,0.0
Detroit Pistons,105,Brooklyn Nets,100,1.0,1.0
Toronto Raptors,93,Denver Nuggets,112,1.0,1.0
Cleveland Cavaliers,111,Indiana Pacers,106,1.0,1.0
Memphis Grizzlies,110,New Orleans Pelicans,95,1.0,1.0
Washington Wizards,98,Oklahoma City Thunder,114,1.0,2.0
Milwaukee Bucks,104,Sacramento Kings,111,2.0,1.0
Orlando Magic,92,San Antonio Spurs,107,0.0,1.0
Chicago Bulls,96,Utah Jazz,105,0.0,2.0
Miami Heat,102,Houston Rockets,115,1.0,2.0
Minnesota Timberwolves,115,Los Angeles Lakers,119,1.0,1.0
Boston Celtics,97,New York Knicks,89,1.0,1.0
Toronto Raptors,104,Phoenix Suns,97,0.0,1.0
Milwaukee Bucks,95,Portland Trail Blazers,107,0.0,1.0
Detroit Pistons,95,Boston Celtics,102,1.0,0.0
Indiana Pacers,114,Brooklyn Nets,100,1.0,1.0
Cleveland Cavaliers,97,Charlotte Hornets,106,1.0,2.0
Miami Heat,93,Dallas Mavericks,90,0.0,1.0
Minnesota Timberwolves,108,Los Angeles Clippers,102,0.0,2.0
Orlando Magic,114,Oklahoma City Thunder,117,1.0,1.0
Atlanta Hawks,124,Philadelphia 76ers,86,1.0,3.0
Chicago Bulls,107,Sacramento Kings,102,1.0,1.0
New Orleans Pelicans,97,San Antonio Spurs,110,1.0,1.0
Denver Nuggets,81,Utah Jazz,85,1.0,1.0
Golden State Warriors,134,Washington Wizards,121,2.0,1.0
New York Knicks,105,Detroit Pistons,111,1.0,0.0
Los Angeles Lakers,99,New Orleans Pelicans,96,1.0,0.0
Houston Rockets,111,Phoenix Suns,105,1.0,1.0
Toronto Raptors,110,Portland Trail Blazers,103,1.0,1.0
Indiana Pacers,96,Atlanta Hawks,102,1.0,1.0
Sacramento Kings,119,Brooklyn Nets,128,1.0,1.0
Miami Heat,98,Charlotte Hornets,95,1.0,1.0
Boston Celtics,104,Cleveland Cavaliers,103,1.0,1.0
San Antonio Spurs,116,Dallas Mavericks,90,1.0,1.0
Chicago Bulls,110,Denver Nuggets,115,1.0,1.0
Memphis Grizzlies,91,New York Knicks,85,3.0,0.0
Los Angeles Clippers,107,Orlando Magic,93,1.0,1.0
Milwaukee Bucks,81,Utah Jazz,84,2.0,1.0
Philadelphia 76ers,94,Washington Wizards,106,1.0,1.0
Washington Wizards,104,Charlotte Hornets,108,0.0,0.0
New Orleans Pelicans,84,Cleveland Cavaliers,99,1.0,0.0
Oklahoma City Thunder,108,Golden State Warriors,116,2.0,2.0
Portland Trail Blazers,96,Houston Rockets,79,1.0,1.0
Detroit Pistons,104,Indiana Pacers,112,1.0,0.0
Dallas Mavericks,114,Memphis Grizzlies,110,0.0,0.0
Chicago Bulls,105,Minnesota Timberwolves,112,0.0,2.0
Brooklyn Nets,98,Philadelphia 76ers,103,0.0,0.0
Utah Jazz,98,Phoenix Suns,89,0.0,1.0
Los Angeles Lakers,102,San Antonio Spurs,106,1.0,0.0
Sacramento Kings,119,Boston Celtics,128,1.0,1.0
Los Angeles Clippers,100,Miami Heat,93,1.0,1.0
Denver Nuggets,101,New York Knicks,96,1.0,1.0
Atlanta Hawks,94,Orlando Magic,96,1.0,1.0
Orlando Magic,117,Atlanta Hawks,110,0.0,0.0
Denver Nuggets,104,Brooklyn Nets,105,0.0,1.0
Chicago Bulls,91,Charlotte Hornets,108,1.0,1.0
Sacramento Kings,100,Cleveland Cavaliers,120,0.0,1.0
Toronto Raptors,103,Detroit Pistons,89,3.0,1.0
Los Angeles Lakers,87,Indiana Pacers,89,1.0,1.0
Portland Trail Blazers,112,Memphis Grizzlies,106,1.0,1.0
New Orleans Pelicans,116,Minnesota Timberwolves,102,1.0,1.0
Los Angeles Clippers,98,Philadelphia 76ers,92,0.0,1.0
Oklahoma City Thunder,122,Phoenix Suns,106,1.0,1.0
Utah Jazz,121,Dallas Mavericks,119,2.0,2.0
Houston Rockets,110,Golden State Warriors,123,2.0,2.0
San Antonio Spurs,119,Miami Heat,101,2.0,1.0
Boston Celtics,111,Milwaukee Bucks,112,1.0,3.0
Washington Wizards,111,New York Knicks,108,2.0,1.0
Los Angeles Clippers,134,Boston Celtics,139,1.0,0.0
Memphis Grizzlies,109,Brooklyn Nets,90,1.0,1.0
Atlanta Hawks,113,Chicago Bulls,90,1.0,1.0
Los Angeles Lakers,111,Cleveland Cavaliers,120,1.0,1.0
Denver Nuggets,103,Detroit Pistons,92,1.0,1.0
Charlotte Hornets,117,Indiana Pacers,95,1.0,1.0
Toronto Raptors,112,Minnesota Timberwolves,117,1.0,1.0
Utah Jazz,96,New Orleans Pelicans,100,0.0,1.0
San Antonio Spurs,98,Orlando Magic,96,0.0,1.0
Sacramento Kings,114,Philadelphia 76ers,110,1.0,1.0
Golden State Warriors,112,Phoenix Suns,104,0.0,1.0
Houston Rockets,103,Portland Trail Blazers,116,0.0,1.0
Washington Wizards,92,Milwaukee Bucks,99,1.0,1.0
New Orleans Pelicans,95,Oklahoma City Thunder,121,0.0,2.0
Chicago Bulls,95,Cleveland Cavaliers,106,7.0,7.0
San Antonio Spurs,86,Los Angeles Clippers,105,7.0,7.0
Utah Jazz,89,Washington Wizards,103,7.0,6.0
Miami Heat,115,Atlanta Hawks,111,9.0,8.0
New York Knicks,98,Brooklyn Nets,109,9.0,8.0
Toronto Raptors,106,Chicago Bulls,116,8.0,0.0
San Antonio Spurs,119,Los Angeles Lakers,113,0.0,8.0
Minnesota Timberwolves,104,Memphis Grizzlies,109,8.0,8.0
Charlotte Hornets,98,Milwaukee Bucks,95,8.0,7.0
Philadelphia 76ers,114,New Orleans Pelicans,121,8.0,7.0
Indiana Pacers,101,Oklahoma City Thunder,98,8.0,7.0
Dallas Mavericks,104,Orlando Magic,110,9.0,8.0
Houston Rockets,116,Phoenix Suns,100,8.0,8.0
Golden State Warriors,105,Portland Trail Blazers,137,8.0,8.0
Denver Nuggets,110,Sacramento Kings,116,8.0,8.0
Boston Celtics,93,Utah Jazz,111,8.0,0.0
Detroit Pistons,86,Washington Wizards,98,8.0,0.0
Milwaukee Bucks,117,Atlanta Hawks,109,0.0,0.0
Golden State Warriors,115,Los Angeles Clippers,112,0.0,1.0
Washington Wizards,94,Miami Heat,114,0.0,0.0
New York Knicks,103,Minnesota Timberwolves,95,0.0,0.0
Charlotte Hornets,104,Brooklyn Nets,96,1.0,1.0
Los Angeles Lakers,115,Chicago Bulls,126,1.0,1.0
Philadelphia 76ers,103,Dallas Mavericks,129,1.0,1.0
Boston Celtics,121,Denver Nuggets,101,1.0,1.0
New Orleans Pelicans,111,Detroit Pistons,106,1.0,1.0
Cleveland Cavaliers,115,Oklahoma City Thunder,92,2.0,1.0
Indiana Pacers,105,Orlando Magic,102,1.0,1.0
San Antonio Spurs,118,Phoenix Suns,111,1.0,1.0
Utah Jazz,111,Portland Trail Blazers,115,1.0,1.0
Memphis Grizzlies,85,Toronto Raptors,98,1.0,1.0
Golden State Warriors,102,Atlanta Hawks,92,1.0,1.0
Detroit Pistons,96,Cleveland Cavaliers,88,0.0,0.0
Phoenix Suns,84,Los Angeles Clippers,124,0.0,1.0
Indiana Pacers,93,Miami Heat,101,0.0,1.0
Los Angeles Lakers,101,Milwaukee Bucks,108,0.0,1.0
Boston Celtics,122,Minnesota Timberwolves,124,0.0,1.0
Toronto Raptors,122,New York Knicks,95,0.0,1.0
Sacramento Kings,114,Denver Nuggets,110,3.0,1.0
Orlando Magic,124,Philadelphia 76ers,115,1.0,1.0
Brooklyn Nets,104,Portland Trail Blazers,112,1.0,1.0
Houston Rockets,114,Utah Jazz,117,3.0,1.0
New Orleans Pelicans,89,Washington Wizards,109,1.0,2.0
Washington Wizards,104,Chicago Bulls,109,0.0,2.0
Charlotte Hornets,103,Cleveland Cavaliers,114,2.0,1.0
Oklahoma City Thunder,116,Dallas Mavericks,103,2.0,2.0
Philadelphia 76ers,91,Detroit Pistons,111,0.0,1.0
New York Knicks,105,Indiana Pacers,108,1.0,1.0
Denver Nuggets,87,Los Angeles Clippers,81,0.0,1.0
Los Angeles Lakers,119,Memphis Grizzlies,128,1.0,2.0
Golden State Warriors,118,Miami Heat,112,1.0,1.0
San Antonio Spurs,108,Sacramento Kings,92,2.0,0.0
Minnesota Timberwolves,105,Toronto Raptors,114,1.0,1.0
Milwaukee Bucks,107,Boston Celtics,112,2.0,2.0
Oklahoma City Thunder,119,New Orleans Pelicans,123,0.0,1.0
Golden State Warriors,130,Orlando Magic,114,0.0,1.0
Brooklyn Nets,116,Phoenix Suns,106,1.0,2.0
Houston Rockets,119,Portland Trail Blazers,105,1.0,1.0
San Antonio Spurs,96,Utah Jazz,78,0.0,1.0
Chicago Bulls,88,Atlanta Hawks,103,1.0,3.0
Denver Nuggets,116,Dallas Mavericks,122,1.0,1.0
Charlotte Hornets,96,Indiana Pacers,95,1.0,1.0
Memphis Grizzlies,112,Los Angeles Lakers,95,1.0,1.0
Orlando Magic,95,New York Knicks,108,0.0,1.0
Washington Wizards,103,Philadelphia 76ers,94,1.0,1.0
Los Angeles Clippers,117,Sacramento Kings,107,1.0,1.0
Cleveland Cavaliers,97,Toronto Raptors,99,1.0,1.0
Miami Heat,89,Boston Celtics,101,2.0,1.0
Portland Trail Blazers,103,Chicago Bulls,95,1.0,0.0
San Antonio Spurs,104,Houston Rockets,94,1.0,1.0
Detroit Pistons,102,Milwaukee Bucks,91,2.0,1.0
Minnesota Timberwolves,112,New Orleans Pelicans,110,2.0,1.0
Golden State Warriors,121,Oklahoma City Thunder,118,1.0,1.0
Memphis Grizzlies,106,Phoenix Suns,111,0.0,1.0
Brooklyn Nets,98,Utah Jazz,96,1.0,1.0
Charlotte Hornets,76,Atlanta Hawks,87,1.0,1.0
Minnesota Timberwolves,101,Dallas Mavericks,128,0.0,1.0
Toronto Raptors,101,Detroit Pistons,114,1.0,0.0
Portland Trail Blazers,111,Indiana Pacers,102,0.0,1.0
Miami Heat,98,New York Knicks,81,0.0,1.0
Philadelphia 76ers,116,Orlando Magic,130,1.0,1.0
Cleveland Cavaliers,99,Washington Wizards,113,1.0,1.0
Utah Jazz,95,Boston Celtics,100,1.0,1.0
Indiana Pacers,96,Cleveland Cavaliers,100,0.0,0.0
Memphis Grizzlies,103,Denver Nuggets,96,1.0,2.0
Brooklyn Nets,95,Los Angeles Clippers,105,1.0,2.0
Houston Rockets,121,Milwaukee Bucks,128,1.0,1.0
Oklahoma City Thunder,131,Sacramento Kings,116,1.0,2.0
Philadelphia 76ers,108,Washington Wizards,116,0.0,0.0
Phoenix Suns,92,Charlotte Hornets,126,2.0,1.0
Orlando Magic,108,Dallas Mavericks,121,1.0,1.0
Atlanta Hawks,105,Golden State Warriors,109,1.0,2.0
Brooklyn Nets,101,Los Angeles Lakers,107,0.0,3.0
Chicago Bulls,111,Miami Heat,129,2.0,1.0
Portland Trail Blazers,104,New York Knicks,85,1.0,1.0
Portland Trail Blazers,93,Boston Celtics,116,0.0,1.0
Los Angeles Lakers,107,Denver Nuggets,117,0.0,1.0
New Orleans Pelicans,95,Houston Rockets,100,3.0,1.0
Oklahoma City Thunder,98,Los Angeles Clippers,103,1.0,1.0
Sacramento Kings,98,Memphis Grizzlies,104,1.0,1.0
Indiana Pacers,104,Milwaukee Bucks,99,1.0,1.0
Washington Wizards,104,Minnesota Timberwolves,98,1.0,2.0
Chicago Bulls,89,Orlando Magic,102,0.0,0.0
Charlotte Hornets,119,Philadelphia 76ers,99,0.0,1.0
Detroit Pistons,81,San Antonio Spurs,97,2.0,3.0
Utah Jazz,94,Toronto Raptors,104,1.0,2.0
Sacramento Kings,104,Dallas Mavericks,101,0.0,1.0
Oklahoma City Thunder,106,Golden State Warriors,121,0.0,1.0
Phoenix Suns,92,Miami Heat,108,1.0,1.0
San Antonio Spurs,94,New Orleans Pelicans,86,0.0,0.0
New York Knicks,104,Boston Celtics,105,2.0,1.0
Indiana Pacers,101,Charlotte Hornets,108,1.0,1.0
Washington Wizards,83,Cleveland Cavaliers,108,1.0,3.0
Brooklyn Nets,121,Denver Nuggets,120,2.0,1.0
Atlanta Hawks,106,Los Angeles Lakers,77,2.0,1.0
Utah Jazz,88,Memphis Grizzlies,94,1.0,1.0
Minnesota Timberwolves,101,Milwaukee Bucks,116,1.0,1.0
Phoenix Suns,102,Orlando Magic,84,0.0,1.0
Miami Heat,112,Philadelphia 76ers,102,0.0,1.0
Portland Trail Blazers,115,Toronto Raptors,117,1.0,1.0
Houston Rockets,100,Chicago Bulls,108,2.0,2.0
Boston Celtics,103,Cleveland Cavaliers,120,0.0,0.0
Atlanta Hawks,107,Los Angeles Clippers,97,0.0,2.0
Brooklyn Nets,118,Minnesota Timberwolves,132,0.0,0.0
Utah Jazz,106,New Orleans Pelicans,94,0.0,1.0
Detroit Pistons,89,New York Knicks,102,2.0,0.0
Sacramento Kings,94,San Antonio Spurs,104,1.0,1.0
Indiana Pacers,100,Washington Wizards,99,0.0,0.0
Dallas Mavericks,114,Denver Nuggets,116,2.0,1.0
Portland Trail Blazers,103,Detroit Pistons,123,1.0,0.0
Golden State Warriors,95,Los Angeles Lakers,112,2.0,1.0
Phoenix Suns,109,Memphis Grizzlies,100,1.0,1.0
Philadelphia 76ers,98,Miami Heat,103,1.0,1.0
Oklahoma City Thunder,104,Milwaukee Bucks,96,2.0,1.0
Houston Rockets,113,Toronto Raptors,107,0.0,1.0
Milwaukee Bucks,90,Chicago Bulls,100,0.0,1.0
Minnesota Timberwolves,103,Charlotte Hornets,108,1.0,2.0
Memphis Grizzlies,106,Cleveland Cavaliers,103,0.0,1.0
Los Angeles Clippers,109,Dallas Mavericks,90,1.0,0.0
Orlando Magic,113,Golden State Warriors,119,2.0,0.0
San Antonio Spurs,91,Indiana Pacers,99,1.0,1.0
Sacramento Kings,112,New Orleans Pelicans,115,1.0,1.0
New York Knicks,94,Denver Nuggets,110,2.0,1.0
Orlando Magic,98,Los Angeles Lakers,107,0.0,1.0
San Antonio Spurs,116,Minnesota Timberwolves,91,0.0,0.0
Washington Wizards,109,Portland Trail Blazers,116,2.0,1.0
Brooklyn Nets,99,Toronto Raptors,104,2.0,1.0
Atlanta Hawks,91,Utah Jazz,84,2.0,2.0
Memphis Grizzlies,96,Boston Celtics,116,1.0,3.0
New Orleans Pelicans,113,Charlotte Hornets,122,1.0,1.0
Detroit Pistons,102,Dallas Mavericks,96,2.0,1.0
Utah Jazz,94,Golden State Warriors,115,0.0,1.0
Miami Heat,108,Milwaukee Bucks,114,2.0,1.0
Los Angeles Clippers,108,Oklahoma City Thunder,120,1.0,2.0
Houston Rockets,118,Philadelphia 76ers,104,2.0,2.0
New York Knicks,128,Phoenix Suns,97,0.0,2.0
Cleveland Cavaliers,120,Sacramento Kings,111,1.0,1.0
Phoenix Suns,98,Denver Nuggets,116,0.0,1.0
Cleveland Cavaliers,120,Los Angeles Lakers,108,0.0,1.0
Chicago Bulls,101,San Antonio Spurs,109,2.0,1.0
Atlanta Hawks,96,Toronto Raptors,104,1.0,1.0
Houston Rockets,102,Boston Celtics,98,1.0,1.0
Miami Heat,118,Chicago Bulls,96,1.0,0.0
Detroit Pistons,103,Charlotte Hornets,118,1.0,1.0
Portland Trail Blazers,112,Golden State Warriors,128,2.0,1.0
New York Knicks,94,Los Angeles Clippers,101,1.0,1.0
New Orleans Pelicans,114,Memphis Grizzlies,121,1.0,1.0
Minnesota Timberwolves,99,Oklahoma City Thunder,96,2.0,1.0
Brooklyn Nets,89,Philadelphia 76ers,95,2.0,1.0
Orlando Magic,107,Sacramento Kings,100,2.0,1.0
Washington Wizards,93,Utah Jazz,114,2.0,1.0
Memphis Grizzlies,83,Atlanta Hawks,95,0.0,1.0
Houston Rockets,109,Charlotte Hornets,125,0.0,0.0
Indiana Pacers,112,Dallas Mavericks,105,4.0,2.0
Washington Wizards,100,Denver Nuggets,116,0.0,1.0
Phoenix Suns,116,Golden State Warriors,123,1.0,0.0
New Orleans Pelicans,92,Milwaukee Bucks,103,0.0,2.0
Detroit Pistons,125,Philadelphia 76ers,111,0.0,0.0
Orlando Magic,84,Portland Trail Blazers,121,0.0,0.0
Oklahoma City Thunder,85,San Antonio Spurs,93,0.0,1.0
Miami Heat,104,Toronto Raptors,112,0.0,1.0
Indiana Pacers,75,Atlanta Hawks,104,0.0,0.0
Milwaukee Bucks,109,Brooklyn Nets,100,0.0,1.0
Cleveland Cavaliers,114,Los Angeles Clippers,90,2.0,1.0
New York Knicks,90,Los Angeles Lakers,87,1.0,2.0
Utah Jazz,108,Sacramento Kings,99,1.0,1.0
Dallas Mavericks,107,Charlotte Hornets,96,1.0,1.0
New Orleans Pelicans,107,Golden State Warriors,125,1.0,1.0
Memphis Grizzlies,81,Houston Rockets,130,1.0,1.0
Denver Nuggets,119,Miami Heat,124,1.0,1.0
Portland Trail Blazers,94,Oklahoma City Thunder,128,1.0,1.0
Minnesota Timberwolves,104,Phoenix Suns,107,2.0,1.0
Chicago Bulls,109,Toronto Raptors,107,2.0,1.0
Cleveland Cavaliers,85,Utah Jazz,94,0.0,0.0
Detroit Pistons,81,Washington Wizards,124,1.0,1.0
Philadelphia 76ers,114,Brooklyn Nets,131,2.0,1.0
Boston Celtics,98,Indiana Pacers,103,3.0,1.0
Sacramento Kings,106,Los Angeles Lakers,98,1.0,1.0
Toronto Raptors,107,Milwaukee Bucks,89,0.0,1.0
Denver Nuggets,110,Orlando Magic,116,0.0,2.0
Los Angeles Clippers,87,San Antonio Spurs,108,1.0,2.0
Oklahoma City Thunder,130,Boston Celtics,109,1.0,0.0
Orlando Magic,99,Charlotte Hornets,107,0.0,1.0
Dallas Mavericks,98,Cleveland Cavaliers,99,1.0,1.0
Atlanta Hawks,118,Detroit Pistons,114,2.0,1.0
New York Knicks,85,Golden State Warriors,121,2.0,1.0
Los Angeles Clippers,122,Houston Rockets,106,0.0,1.0
Minnesota Timberwolves,114,Memphis Grizzlies,108,1.0,1.0
New Orleans Pelicans,123,Sacramento Kings,108,1.0,0.0
Chicago Bulls,96,Washington Wizards,117,1.0,1.0
Denver Nuggets,98,Atlanta Hawks,116,1.0,0.0
Brooklyn Nets,102,Chicago Bulls,118,1.0,0.0
Toronto Raptors,101,Indiana Pacers,94,1.0,1.0
Charlotte Hornets,109,Miami Heat,106,0.0,2.0
Memphis Grizzlies,86,Milwaukee Bucks,96,0.0,1.0
Washington Wizards,99,Philadelphia 76ers,94,0.0,1.0
Portland Trail Blazers,110,San Antonio Spurs,118,2.0,1.0
Phoenix Suns,69,Utah Jazz,103,2.0,2.0
Golden State Warriors,130,Dallas Mavericks,112,1.0,1.0
Sacramento Kings,108,Detroit Pistons,115,1.0,1.0
Minnesota Timberwolves,111,Houston Rockets,116,1.0,1.0
Phoenix Suns,95,Los Angeles Lakers,90,0.0,2.0
Portland Trail Blazers,117,New Orleans Pelicans,112,0.0,1.0
Cleveland Cavaliers,109,Orlando Magic,103,1.0,1.0
Oklahoma City Thunder,111,Philadelphia 76ers,97,1.0,0.0
Boston Celtics,91,Toronto Raptors,105,1.0,0.0
Houston Rockets,97,Atlanta Hawks,109,0.0,1.0
Utah Jazz,85,Chicago Bulls,92,1.0,1.0
Denver Nuggets,101,Charlotte Hornets,93,1.0,1.0
Brooklyn Nets,103,Detroit Pistons,115,1.0,0.0
Oklahoma City Thunder,115,Indiana Pacers,111,0.0,1.0
Los Angeles Clippers,102,Memphis Grizzlies,113,2.0,1.0
Cleveland Cavaliers,101,Miami Heat,122,0.0,1.0
Golden State Warriors,79,San Antonio Spurs,87,0.0,1.0
New York Knicks,89,Washington Wizards,99,2.0,1.0
Portland Trail Blazers,120,Dallas Mavericks,132,1.0,1.0
Utah Jazz,94,Milwaukee Bucks,85,0.0,2.0
Los Angeles Clippers,105,New Orleans Pelicans,109,0.0,1.0
Sacramento Kings,88,New York Knicks,80,1.0,0.0
Boston Celtics,120,Philadelphia 76ers,105,1.0,1.0
Orlando Magic,100,Toronto Raptors,105,1.0,1.0
Washington Wizards,117,Atlanta Hawks,102,1.0,1.0
Orlando Magic,96,Boston Celtics,107,0.0,0.0
Sacramento Kings,102,Chicago Bulls,109,0.0,1.0
San Antonio Spurs,88,Charlotte Hornets,91,1.0,1.0
Denver Nuggets,91,Cleveland Cavaliers,124,1.0,1.0
Milwaukee Bucks,91,Detroit Pistons,92,0.0,1.0
Philadelphia 76ers,75,Indiana Pacers,91,0.0,1.0
Golden State Warriors,109,Minnesota Timberwolves,104,1.0,2.0
Memphis Grizzlies,103,Phoenix Suns,97,1.0,2.0
Charlotte Hornets,105,Brooklyn Nets,100,0.0,2.0
Memphis Grizzlies,100,Los Angeles Lakers,107,0.0,3.0
Miami Heat,113,New Orleans Pelicans,99,2.0,1.0
Houston Rockets,107,Oklahoma City Thunder,111,2.0,2.0
Toronto Raptors,79,Boston Celtics,91,2.0,1.0
New York Knicks,115,Chicago Bulls,107,2.0,1.0
Milwaukee Bucks,104,Cleveland Cavaliers,113,1.0,1.0
Philadelphia 76ers,103,Denver Nuggets,104,1.0,1.0
Orlando Magic,102,Detroit Pistons,118,1.0,1.0
Los Angeles Clippers,98,Golden State Warriors,114,2.0,1.0
Utah Jazz,89,Houston Rockets,87,2.0,0.0
Sacramento Kings,104,Minnesota Timberwolves,113,1.0,1.0
Los Angeles Lakers,107,Phoenix Suns,119,0.0,1.0
Dallas Mavericks,103,Portland Trail Blazers,109,2.0,2.0
Miami Heat,88,San Antonio Spurs,112,0.0,1.0
Atlanta Hawks,122,Washington Wizards,101,1.0,1.0
Cleveland Cavaliers,95,Brooklyn Nets,104,0.0,1.0
New Orleans Pelicans,84,Indiana Pacers,92,1.0,2.0
Portland Trail Blazers,94,Los Angeles Clippers,96,0.0,0.0
Chicago Bulls,94,New York Knicks,106,0.0,0.0
Utah Jazz,91,Oklahoma City Thunder,113,0.0,1.0
Milwaukee Bucks,90,Atlanta Hawks,101,1.0,1.0
Charlotte Hornets,105,Detroit Pistons,112,2.0,1.0
Dallas Mavericks,120,Golden State Warriors,128,1.0,1.0
Toronto Raptors,109,Houston Rockets,112,1.0,1.0
Denver Nuggets,116,Los Angeles Lakers,105,1.0,1.0
Orlando Magic,97,Miami Heat,108,1.0,1.0
Phoenix Suns,94,Sacramento Kings,116,1.0,1.0
Memphis Grizzlies,104,San Antonio Spurs,110,2.0,1.0
Minnesota Timberwolves,132,Washington Wizards,129,1.0,1.0
Indiana Pacers,110,Brooklyn Nets,120,1.0,1.0
Atlanta Hawks,112,Detroit Pistons,95,0.0,0.0
Charlotte Hornets,115,Milwaukee Bucks,91,0.0,0.0
Utah Jazz,93,Minnesota Timberwolves,84,1.0,0.0
Toronto Raptors,115,New Orleans Pelicans,91,0.0,1.0
Cleveland Cavaliers,107,New York Knicks,93,1.0,1.0
San Antonio Spurs,92,Oklahoma City Thunder,111,0.0,1.0
Chicago Bulls,89,Orlando Magic,111,1.0,0.0
Boston Celtics,102,Phoenix Suns,99,2.0,0.0
Philadelphia 76ers,105,Portland Trail Blazers,108,2.0,1.0
Philadelphia 76ers,105,Golden State Warriors,117,0.0,1.0
Houston Rockets,101,Indiana Pacers,104,1.0,0.0
Denver Nuggets,90,Los Angeles Clippers,105,1.0,2.0
Washington Wizards,101,Los Angeles Lakers,88,1.0,1.0
Dallas Mavericks,111,Sacramento Kings,133,1.0,1.0
Atlanta Hawks,102,Chicago Bulls,100,1.0,1.0
Dallas Mavericks,97,Denver Nuggets,88,0.0,0.0
Boston Celtics,90,Los Angeles Clippers,114,1.0,0.0
San Antonio Spurs,101,Memphis Grizzlies,87,1.0,2.0
Brooklyn Nets,99,Miami Heat,110,1.0,2.0
Phoenix Suns,116,Minnesota Timberwolves,121,1.0,1.0
New York Knicks,91,New Orleans Pelicans,99,1.0,1.0
Sacramento Kings,93,Portland Trail Blazers,105,0.0,1.0
Oklahoma City Thunder,119,Toronto Raptors,100,1.0,1.0
Los Angeles Lakers,75,Utah Jazz,123,0.0,1.0
Houston Rockets,106,Cleveland Cavaliers,100,1.0,2.0
Oklahoma City Thunder,82,Detroit Pistons,88,0.0,2.0
Washington Wizards,94,Golden State Warriors,102,1.0,1.0
Chicago Bulls,98,Indiana Pacers,96,0.0,1.0
Brooklyn Nets,105,Orlando Magic,139,0.0,2.0
Charlotte Hornets,100,Philadelphia 76ers,85,2.0,1.0
New York Knicks,89,Dallas Mavericks,91,1.0,1.0
Miami Heat,100,Los Angeles Lakers,102,1.0,1.0
Denver Nuggets,109,Memphis Grizzlies,105,1.0,1.0
Phoenix Suns,94,Milwaukee Bucks,105,1.0,3.0
Los Angeles Clippers,99,Minnesota Timberwolves,79,1.0,1.0
Washington Wizards,111,Sacramento Kings,120,0.0,1.0
New Orleans Pelicans,92,San Antonio Spurs,100,1.0,1.0
Atlanta Hawks,97,Toronto Raptors,105,1.0,1.0
Golden State Warriors,103,Utah Jazz,96,0.0,1.0
Brooklyn Nets,87,Cleveland Cavaliers,107,1.0,1.0
Chicago Bulls,103,Houston Rockets,100,1.0,1.0
Orlando Magic,114,Indiana Pacers,94,1.0,1.0
Denver Nuggets,95,New Orleans Pelicans,101,0.0,0.0
Los Angeles Clippers,117,Oklahoma City Thunder,119,0.0,1.0
Boston Celtics,109,Portland Trail Blazers,116,2.0,2.0
Cleveland Cavaliers,110,Atlanta Hawks,108,0.0,1.0
Philadelphia 76ers,91,Charlotte Hornets,100,2.0,2.0
Dallas Mavericks,98,Detroit Pistons,89,1.0,2.0
Boston Celtics,109,Golden State Warriors,106,0.0,1.0
Toronto Raptors,99,Memphis Grizzlies,95,1.0,1.0
Orlando Magic,110,Milwaukee Bucks,113,0.0,1.0
Brooklyn Nets,91,New York Knicks,105,0.0,1.0
Washington Wizards,106,Phoenix Suns,99,1.0,1.0
Miami Heat,112,Sacramento Kings,106,1.0,1.0
Minnesota Timberwolves,85,Utah Jazz,98,1.0,1.0
Detroit Pistons,94,Chicago Bulls,90,0.0,1.0
Sacramento Kings,115,Denver Nuggets,106,0.0,1.0
Indiana Pacers,115,Philadelphia 76ers,102,1.0,0.0
Miami Heat,93,Portland Trail Blazers,110,0.0,1.0
Toronto Raptors,95,San Antonio Spurs,102,0.0,2.0
New Orleans Pelicans,106,Brooklyn Nets,87,2.0,1.0
Charlotte Hornets,103,Cleveland Cavaliers,112,1.0,1.0
Portland Trail Blazers,111,Golden State Warriors,136,0.0,1.0
Oklahoma City Thunder,110,Houston Rockets,118,2.0,2.0
Washington Wizards,109,Los Angeles Clippers,114,1.0,2.0
Boston Celtics,107,Los Angeles Lakers,100,1.0,3.0
Chicago Bulls,102,Milwaukee Bucks,98,0.0,1.0
Dallas Mavericks,88,Minnesota Timberwolves,78,1.0,1.0
Indiana Pacers,92,New York Knicks,87,0.0,1.0
Memphis Grizzlies,107,Orlando Magic,119,1.0,1.0
Utah Jazz,101,Phoenix Suns,86,1.0,1.0
Phoenix Suns,90,Atlanta Hawks,103,1.0,3.0
Oklahoma City Thunder,124,Denver Nuggets,102,1.0,2.0
Minnesota Timberwolves,124,Golden State Warriors,117,1.0,1.0
Los Angeles Lakers,81,Los Angeles Clippers,103,1.0,1.0
Chicago Bulls,92,Memphis Grizzlies,108,1.0,1.0
Detroit Pistons,89,Miami Heat,107,2.0,2.0
Cleveland Cavaliers,109,Milwaukee Bucks,80,1.0,1.0
New Orleans Pelicans,93,Philadelphia 76ers,107,1.0,2.0
Portland Trail Blazers,115,Sacramento Kings,107,1.0,2.0
Charlotte Hornets,90,Toronto Raptors,96,1.0,2.0
San Antonio Spurs,88,Utah Jazz,86,2.0,1.0
New Orleans Pelicans,97,Boston Celtics,104,0.0,2.0
Houston Rockets,86,Dallas Mavericks,88,2.0,2.0
Cleveland Cavaliers,109,Indiana Pacers,123,0.0,2.0
Los Angeles Clippers,91,Los Angeles Lakers,81,0.0,0.0
Charlotte Hornets,111,New York Knicks,97,0.0,2.0
Detroit Pistons,108,Orlando Magic,104,0.0,2.0
Oklahoma City Thunder,115,Portland Trail Blazers,120,0.0,0.0
Brooklyn Nets,103,Washington Wizards,121,2.0,2.0
Toronto Raptors,87,Atlanta Hawks,95,1.0,1.0
San Antonio Spurs,101,Golden State Warriors,112,1.0,1.0
Phoenix Suns,124,Houston Rockets,115,1.0,0.0
Chicago Bulls,98,Miami Heat,106,1.0,1.0
Minnesota Timberwolves,105,Sacramento Kings,97,1.0,1.0
Milwaukee Bucks,109,Boston Celtics,124,2.0,1.0
Brooklyn Nets,99,Charlotte Hornets,113,1.0,1.0
Memphis Grizzlies,93,Dallas Mavericks,103,2.0,1.0
San Antonio Spurs,98,Denver Nuggets,102,0.0,2.0
Washington Wizards,99,Detroit Pistons,112,1.0,1.0
Los Angeles Lakers,102,New Orleans Pelicans,110,1.0,1.0
Miami Heat,109,Orlando Magic,112,0.0,1.0
New York Knicks,109,Philadelphia 76ers,102,1.0,2.0
Indiana Pacers,98,Toronto Raptors,111,1.0,0.0
Los Angeles Clippers,102,Utah Jazz,99,1.0,2.0
Boston Celtics,107,Atlanta Hawks,118,0.0,1.0
Cleveland Cavaliers,102,Chicago Bulls,105,2.0,1.0
Golden State Warriors,100,Memphis Grizzlies,99,1.0,0.0
Phoenix Suns,121,New Orleans Pelicans,100,1.0,0.0
Minnesota Timberwolves,106,Portland Trail Blazers,105,1.0,2.0
Oklahoma City Thunder,112,Sacramento Kings,114,2.0,1.0
Utah Jazz,100,Denver Nuggets,84,1.0,1.0
Los Angeles Lakers,110,Houston Rockets,130,1.0,2.0
Brooklyn Nets,105,Indiana Pacers,129,1.0,1.0
Dallas Mavericks,91,Los Angeles Clippers,98,1.0,1.0
Orlando Magic,96,Miami Heat,118,1.0,1.0
Toronto Raptors,93,New York Knicks,89,1.0,1.0
Milwaukee Bucks,109,Philadelphia 76ers,108,1.0,1.0
Golden State Warriors,92,San Antonio Spurs,86,0.0,1.0
Charlotte Hornets,98,Washington Wizards,113,1.0,1.0
Charlotte Hornets,114,Boston Celtics,100,0.0,1.0
Washington Wizards,120,Brooklyn Nets,111,0.0,0.0
Atlanta Hawks,94,Cleveland Cavaliers,109,1.0,1.0
Houston Rockets,129,Minnesota Timberwolves,105,0.0,1.0
Chicago Bulls,121,New Orleans Pelicans,116,1.0,1.0
Los Angeles Lakers,79,Oklahoma City Thunder,112,0.0,1.0
Milwaukee Bucks,98,Orlando Magic,107,0.0,0.0
Sacramento Kings,105,Phoenix Suns,101,1.0,1.0
Dallas Mavericks,101,Utah Jazz,92,0.0,0.0
Miami Heat,99,Detroit Pistons,93,1.0,3.0
New York Knicks,90,Indiana Pacers,102,1.0,1.0
Memphis Grizzlies,84,Los Angeles Clippers,110,2.0,1.0
Oklahoma City Thunder,98,San Antonio Spurs,102,0.0,1.0
Philadelphia 76ers,98,Toronto Raptors,122,1.0,1.0
Miami Heat,88,Boston Celtics,98,0.0,1.0
Toronto Raptors,103,Brooklyn Nets,96,0.0,1.0
Philadelphia 76ers,105,Chicago Bulls,115,0.0,1.0
Orlando Magic,103,Charlotte Hornets,117,1.0,1.0
Detroit Pistons,112,Cleveland Cavaliers,110,0.0,1.0
San Antonio Spurs,96,Dallas Mavericks,91,0.0,1.0
Memphis Grizzlies,104,Golden State Warriors,125,0.0,2.0
Sacramento Kings,81,Houston Rockets,116,1.0,1.0
Utah Jazz,96,Los Angeles Lakers,101,1.0,1.0
Indiana Pacers,97,Milwaukee Bucks,92,0.0,1.0
New Orleans Pelicans,109,Minnesota Timberwolves,144,1.0,1.0
Los Angeles Clippers,105,Phoenix Suns,114,0.0,1.0
Denver Nuggets,99,Portland Trail Blazers,107,2.0,3.0
Atlanta Hawks,98,Washington Wizards,109,1.0,1.0
