RK,NAME,TEAM,GP,MPG,ORPM,DRPM,RPM,WINS,year,Player,pos
1.0,"LeBron James, SF",MIA,77.0,37.7,8.65,0.43,9.08,19.87,2014,LeBron James, SF
2.0,"Chris Paul, PG",LAC,62.0,35.0,6.03,1.95,7.98,14.47,2014,Chris Paul, PG
3.0,"Andre Iguodala, SF",GS,63.0,32.4,1.89,4.74,6.63,11.47,2014,Andre Iguodala, SF
4.0,"Kevin Durant, SF",OKC,81.0,38.5,6.27,0.15,6.42,17.63,2014,Kevin Durant, SF
5.0,"Dirk Nowitzki, PF",DAL,80.0,32.9,4.56,1.79,6.35,14.05,2014,Dirk Nowitzki, PF
6.0,"Stephen Curry, PG",GS,78.0,36.5,6.62,-0.38,6.24,15.48,2014,Stephen Curry, PG
7.0,"Nick Collison, PF",OKC,81.0,16.7,2.08,3.64,5.72,6.9,2014,Nick Collison, PF
8.0,"Manu Ginobili, SG",SA,68.0,22.8,5.07,0.35,5.42,7.68,2014,Manu Ginobili, SG
9.0,"Tim Duncan, C",SA,74.0,29.2,-0.05,5.38,5.33,10.39,2014,Tim Duncan, C
10.0,"LaMarcus Aldridge, PF",POR,69.0,36.2,1.89,3.23,5.12,11.64,2014,LaMarcus Aldridge, PF
11.0,"Channing Frye, PF",PHX,82.0,28.2,3.92,1.17,5.09,10.83,2014,Channing Frye, PF
12.0,"Kevin Love, PF",MIN,77.0,36.3,3.52,1.54,5.06,13.52,2014,Kevin Love, PF
14.0,"Mike Conley, PG",MEM,73.0,33.5,4.28,0.42,4.7,10.24,2014,Mike Conley, PG
15.0,"Blake Griffin, PF",LAC,80.0,35.8,2.65,2.0,4.65,12.79,2014,Blake Griffin, PF
16.0,"Amir Johnson, PF",TOR,77.0,28.8,1.47,3.14,4.61,9.22,2014,Amir Johnson, PF
17.0,"Joakim Noah, C",CHI,80.0,35.3,0.65,3.92,4.57,11.3,2014,Joakim Noah, C
18.0,"Vince Carter, SG",DAL,81.0,24.4,2.02,2.46,4.48,8.35,2014,Vince Carter, SG
19.0,"Serge Ibaka, PF",OKC,81.0,32.9,1.23,3.23,4.46,11.63,2014,Serge Ibaka, PF
21.0,"Kyle Lowry, PG",TOR,79.0,36.2,3.84,0.41,4.25,11.56,2014,Kyle Lowry, PG
22.0,"Dwight Howard, C",HOU,71.0,33.7,-0.67,4.91,4.24,9.86,2014,Dwight Howard, C
23.0,"Taj Gibson, PF",CHI,82.0,28.7,0.56,3.64,4.2,8.84,2014,Taj Gibson, PF
24.0,"Marcin Gortat, C",WSH,81.0,32.8,0.12,4.0,4.12,10.37,2014,Marcin Gortat, C
26.0,"Anderson Varejao, C",CLE,65.0,27.7,0.47,3.59,4.06,6.88,2014,Anderson Varejao, C
27.0,"Chris Andersen, PF",MIA,72.0,19.4,0.19,3.81,4.0,5.17,2014,Chris Andersen, PF
28.0,"Patty Mills, PG",SA,81.0,18.9,3.42,0.58,4.0,6.07,2014,Patty Mills, PG
29.0,"Ricky Rubio, PG",MIN,82.0,32.2,1.43,2.47,3.9,10.76,2014,Ricky Rubio, PG
32.0,"David West, PF",IND,80.0,30.9,1.23,2.37,3.6,8.87,2014,David West, PF
33.0,"Marc Gasol, C",MEM,59.0,33.4,-1.64,5.23,3.59,6.87,2014,Marc Gasol, C
34.0,"DeAndre Jordan, C",LAC,82.0,35.0,0.19,3.37,3.56,10.85,2014,DeAndre Jordan, C
35.0,"Tiago Splitter, C",SA,59.0,21.5,-1.01,4.53,3.52,4.7,2014,Tiago Splitter, C
36.0,"Danny Green, SG",SA,68.0,24.3,0.79,2.72,3.51,6.13,2014,Danny Green, SG
38.0,"Draymond Green, PF",GS,82.0,21.9,-0.49,3.99,3.5,6.54,2014,Draymond Green, PF
39.0,"Goran Dragic, PG",PHX,76.0,35.1,4.57,-1.14,3.43,9.73,2014,Goran Dragic, PG
40.0,"Ty Lawson, PG",DEN,62.0,35.8,4.38,-1.08,3.3,8.32,2014,Ty Lawson, PG
41.0,"Kyle Korver, SG",ATL,71.0,33.9,2.53,0.73,3.26,8.35,2014,Kyle Korver, SG
42.0,"DeMarre Carroll, SF",ATL,73.0,32.1,1.29,1.92,3.21,8.1,2014,DeMarre Carroll, SF
43.0,"Deron Williams, PG",BKN,64.0,32.2,4.87,-1.67,3.2,6.89,2014,Deron Williams, PG
44.0,"Chris Bosh, PF",MIA,79.0,32.0,0.14,3.04,3.18,8.41,2014,Chris Bosh, PF
45.0,"James Harden, SG",HOU,73.0,38.0,5.97,-2.84,3.13,9.67,2014,James Harden, SG
46.0,"Mike Dunleavy, SG",CHI,82.0,31.5,1.16,1.91,3.07,8.22,2014,Mike Dunleavy, SG
47.0,"Kawhi Leonard, SF",SA,66.0,29.1,0.89,2.13,3.02,6.56,2014,Kawhi Leonard, SF
48.0,"Luol Deng, SF",CHI/CLE,63.0,35.1,1.15,1.82,2.97,7.0,2014,Luol Deng, SF
50.0,"Damian Lillard, PG",POR,82.0,35.8,4.74,-1.95,2.79,9.4,2014,Damian Lillard, PG
51.0,"Matt Bonner, C",SA,61.0,11.3,2.16,0.61,2.77,2.16,2014,Matt Bonner, C
52.0,"Joe Johnson, SF",BKN,79.0,32.6,3.55,-0.8,2.75,7.8,2014,Joe Johnson, SF
53.0,"Carmelo Anthony, SF",NY,77.0,38.7,3.77,-1.02,2.75,8.93,2014,Carmelo Anthony, SF
54.0,"Paul George, SF",IND,80.0,36.2,0.16,2.58,2.74,8.88,2014,Paul George, SF
55.0,"Tony Parker, PG",SA,68.0,29.4,3.11,-0.4,2.71,6.4,2014,Tony Parker, PG
56.0,"Pablo Prigioni, PG",NY,66.0,19.4,1.73,0.81,2.54,3.61,2014,Pablo Prigioni, PG
57.0,"Paul Pierce, SF",BKN,75.0,28.0,-0.63,3.13,2.5,6.1,2014,Paul Pierce, SF
58.0,"George Hill, PG",IND,76.0,32.0,1.93,0.56,2.49,7.03,2014,George Hill, PG
59.0,"Robin Lopez, C",POR,82.0,31.8,-0.33,2.76,2.43,7.69,2014,Robin Lopez, C
61.0,"Matt Barnes, SF",LAC,63.0,27.5,1.95,0.39,2.34,5.24,2014,Matt Barnes, SF
63.0,"Isaiah Thomas, PG",SAC,72.0,34.7,3.85,-1.62,2.23,7.2,2014,Isaiah Thomas, PG
65.0,"John Wall, PG",WSH,82.0,36.3,2.66,-0.44,2.22,8.3,2014,John Wall, PG
67.0,"Al Jefferson, C",CHA,73.0,35.0,1.12,1.02,2.14,6.84,2014,Al Jefferson, C
69.0,"Jimmy Butler, SG",CHI,67.0,38.7,0.9,1.23,2.13,6.77,2014,Jimmy Butler, SG
70.0,"Paul Millsap, PF",ATL,74.0,33.5,0.04,2.06,2.1,6.84,2014,Paul Millsap, PF
71.0,"Andre Miller, PG",DEN/WSH,58.0,16.9,1.85,0.24,2.09,2.59,2014,Andre Miller, PG
72.0,"Zach Randolph, PF",MEM,79.0,34.2,1.06,1.03,2.09,7.09,2014,Zach Randolph, PF
73.0,"Anthony Tolliver, PF",CHA,64.0,20.3,-0.12,2.21,2.09,3.54,2014,Anthony Tolliver, PF
74.0,"Andrew Bogut, C",GS,67.0,26.4,-3.1,5.16,2.06,5.03,2014,Andrew Bogut, C
75.0,"Klay Thompson, SG",GS,81.0,35.4,2.2,-0.17,2.03,7.91,2014,Klay Thompson, SG
76.0,"Avery Bradley, PG",BOS,60.0,30.9,0.76,1.22,1.98,5.05,2014,Avery Bradley, PG
77.0,"Chandler Parsons, SF",HOU,74.0,37.6,1.37,0.59,1.96,7.59,2014,Chandler Parsons, SF
78.0,"Boris Diaw, C",SA,79.0,25.0,0.61,1.34,1.95,5.38,2014,Boris Diaw, C
81.0,"Jae Crowder, SF",DAL,78.0,16.1,0.1,1.81,1.91,3.31,2014,Jae Crowder, SF
83.0,"Greg Monroe, C",DET,82.0,32.8,0.95,0.87,1.82,7.07,2014,Greg Monroe, C
84.0,"Roy Hibbert, C",IND,81.0,29.7,-1.44,3.22,1.78,5.93,2014,Roy Hibbert, C
85.0,"Mario Chalmers, PG",MIA,73.0,29.8,0.94,0.82,1.76,5.41,2014,Mario Chalmers, PG
88.0,"Jason Thompson, PF",SAC,82.0,24.5,0.29,1.46,1.75,5.14,2014,Jason Thompson, PF
89.0,"Matthew Dellavedova, PG",CLE,72.0,17.7,1.57,0.15,1.72,3.18,2014,Matthew Dellavedova, PG
90.0,"Thaddeus Young, PF",PHI,79.0,34.4,0.85,0.85,1.7,7.19,2014,Thaddeus Young, PF
91.0,"Reggie Jackson, PG",OKC,80.0,28.5,1.04,0.66,1.7,5.84,2014,Reggie Jackson, PG
93.0,"Kemba Walker, PG",CHA,73.0,35.8,0.79,0.79,1.58,6.12,2014,Kemba Walker, PG
94.0,"Rudy Gay, SF",SAC/TOR,73.0,34.7,0.68,0.85,1.53,6.07,2014,Rudy Gay, SF
95.0,"Patrick Patterson, PF",SAC/TOR,65.0,23.6,0.42,1.11,1.53,3.61,2014,Patrick Patterson, PF
98.0,"Anthony Davis, PF",NO,67.0,35.2,0.65,0.78,1.43,5.46,2014,Anthony Davis, PF
99.0,"Josh Smith, C",DET,77.0,35.5,-0.38,1.78,1.4,6.46,2014,Josh Smith, C
100.0,"Monta Ellis, SG",DAL,82.0,36.9,2.92,-1.52,1.4,7.04,2014,Monta Ellis, SG
101.0,"Iman Shumpert, SG",NY,74.0,26.5,-0.63,2.0,1.37,4.26,2014,Iman Shumpert, SG
102.0,"Jared Sullinger, C",BOS,74.0,27.6,-0.25,1.58,1.33,4.69,2014,Jared Sullinger, C
103.0,"Michael Kidd-Gilchrist, SF",CHA,62.0,24.2,-0.78,2.07,1.29,3.26,2014,Michael Kidd-Gilchrist, SF
104.0,"David Lee, PF",GS,69.0,33.2,-0.13,1.35,1.22,5.24,2014,David Lee, PF
105.0,"Brandan Wright, PF",DAL,58.0,18.6,1.62,-0.43,1.19,2.29,2014,Brandan Wright, PF
107.0,"Greivis Vasquez, PG",SAC/TOR,79.0,22.5,1.41,-0.25,1.16,3.7,2014,Greivis Vasquez, PG
108.0,"Corey Brewer, SF",MIN,81.0,32.2,2.03,-0.89,1.14,6.03,2014,Corey Brewer, SF
109.0,"Shane Battier, SF",MIA,73.0,20.1,-0.2,1.32,1.12,3.12,2014,Shane Battier, SF
112.0,"J.R. Smith, SG",NY,74.0,32.7,1.82,-0.75,1.07,4.82,2014,J.R. Smith, SG
113.0,"Al-Farouq Aminu, SF",NO,80.0,25.6,-1.01,2.07,1.06,4.25,2014,Al-Farouq Aminu, SF
114.0,"Pau Gasol, C",LAL,60.0,31.4,-0.16,1.2,1.04,4.24,2014,Pau Gasol, C
115.0,"Lance Stephenson, SG",IND,78.0,35.3,0.9,0.14,1.04,5.66,2014,Lance Stephenson, SG
116.0,"Kosta Koufos, C",MEM,80.0,16.9,-1.67,2.67,1.0,2.71,2014,Kosta Koufos, C
119.0,"Trevor Ariza, SF",WSH,77.0,35.4,-0.1,1.04,0.94,5.47,2014,Trevor Ariza, SF
120.0,"Ryan Kelly, PF",LAL,59.0,22.2,1.95,-1.01,0.94,2.86,2014,Ryan Kelly, PF
121.0,"Jeff Withey, C",NO,58.0,11.8,-0.79,1.7,0.91,1.37,2014,Jeff Withey, C
122.0,"Jameer Nelson, PG",ORL,68.0,32.0,2.78,-1.89,0.89,4.29,2014,Jameer Nelson, PG
123.0,"Raymond Felton, PG",NY,65.0,31.0,2.13,-1.24,0.89,3.85,2014,Raymond Felton, PG
125.0,"Kyle O'Quinn, PF",ORL,69.0,17.2,-0.58,1.44,0.86,2.36,2014,Kyle O'Quinn, PF
127.0,"DeMarcus Cousins, C",SAC,71.0,32.4,-1.1,1.86,0.76,4.45,2014,DeMarcus Cousins, C
128.0,"Derek Fisher, PG",OKC,81.0,17.6,-1.21,1.95,0.74,2.76,2014,Derek Fisher, PG
131.0,"Thabo Sefolosha, SF",OKC,61.0,26.0,-1.32,1.95,0.63,3.03,2014,Thabo Sefolosha, SF
132.0,"Josh McRoberts, PF",CHA,78.0,30.3,0.03,0.59,0.62,4.12,2014,Josh McRoberts, PF
133.0,"Chuck Hayes, PF",SAC/TOR,61.0,12.3,-1.84,2.44,0.6,1.36,2014,Chuck Hayes, PF
134.0,"Gordon Hayward, SF",UTAH,77.0,36.4,2.17,-1.59,0.58,4.99,2014,Gordon Hayward, SF
135.0,"Andre Drummond, C",DET,81.0,32.3,0.58,-0.06,0.52,4.71,2014,Andre Drummond, C
138.0,"Nicolas Batum, SG",POR,82.0,36.0,1.43,-0.95,0.48,5.2,2014,Nicolas Batum, SG
141.0,"Gerald Wallace, SF",BOS,58.0,24.4,-2.02,2.39,0.37,2.39,2014,Gerald Wallace, SF
142.0,"Ryan Hollins, C",LAC,61.0,7.9,-3.62,3.91,0.29,0.81,2014,Ryan Hollins, C
144.0,"Wesley Matthews, SG",POR,82.0,33.9,1.26,-1.08,0.18,4.35,2014,Wesley Matthews, SG
145.0,"Timofey Mozgov, C",DEN,82.0,21.6,-1.18,1.35,0.17,2.92,2014,Timofey Mozgov, C
146.0,"Kenneth Faried, PF",DEN,80.0,27.2,1.34,-1.17,0.17,3.58,2014,Kenneth Faried, PF
149.0,"Jeremy Lin, PG",HOU,71.0,28.9,-0.19,0.28,0.09,3.2,2014,Jeremy Lin, PG
151.0,"Nate Wolters, PG",MIL,58.0,22.6,-1.53,1.57,0.04,1.92,2014,Nate Wolters, PG
152.0,"Markieff Morris, PF",PHX,81.0,26.6,0.53,-0.55,-0.02,3.2,2014,Markieff Morris, PF
153.0,"Marvin Williams, PF",UTAH,66.0,25.4,-0.32,0.25,-0.07,2.31,2014,Marvin Williams, PF
154.0,"Darrell Arthur, PF",DEN,68.0,17.1,-2.47,2.4,-0.07,1.72,2014,Darrell Arthur, PF
155.0,"Dion Waiters, SG",CLE,70.0,29.6,1.38,-1.45,-0.07,2.87,2014,Dion Waiters, SG
158.0,"DeMar DeRozan, SG",TOR,79.0,38.2,0.45,-0.62,-0.17,3.92,2014,DeMar DeRozan, SG
159.0,"P.J. Tucker, SF",PHX,81.0,30.7,-0.25,0.05,-0.2,3.41,2014,P.J. Tucker, SF
160.0,"Andray Blatche, C",BKN,73.0,22.2,-0.63,0.42,-0.21,2.11,2014,Andray Blatche, C
161.0,"Alec Burks, SG",UTAH,78.0,28.1,1.43,-1.68,-0.25,2.82,2014,Alec Burks, SG
164.0,"Courtney Lee, SG",BOS/MEM,79.0,25.0,0.51,-0.8,-0.29,2.41,2014,Courtney Lee, SG
165.0,"Marcus Morris, PF",PHX,82.0,22.0,0.49,-0.78,-0.29,2.34,2014,Marcus Morris, PF
167.0,"Jeff Ayres, PF",SA,73.0,13.0,-1.01,0.69,-0.32,1.23,2014,Jeff Ayres, PF
169.0,"Shelvin Mack, PG",ATL,73.0,20.4,0.86,-1.2,-0.34,1.84,2014,Shelvin Mack, PG
171.0,"Evan Fournier, SG",DEN,76.0,19.8,-0.73,0.37,-0.36,1.97,2014,Evan Fournier, SG
172.0,"Samuel Dalembert, C",DAL,80.0,20.2,-3.48,3.1,-0.38,1.97,2014,Samuel Dalembert, C
173.0,"Wilson Chandler, SF",DEN,62.0,31.1,-0.45,0.06,-0.39,2.46,2014,Wilson Chandler, SF
174.0,"Jodie Meeks, SG",LAL,77.0,33.2,1.53,-1.94,-0.41,3.28,2014,Jodie Meeks, SG
177.0,"Bradley Beal, SG",WSH,73.0,34.7,-0.61,0.08,-0.53,2.76,2014,Bradley Beal, SG
179.0,"Kirk Hinrich, SG",CHI,73.0,29.0,-1.52,0.98,-0.54,2.22,2014,Kirk Hinrich, SG
180.0,"Luc Richard Mbah a Moute, PF",MIN/SAC,64.0,15.7,-1.81,1.25,-0.56,1.11,2014,Luc Richard Mbah a Moute, PF
181.0,"Victor Oladipo, SG",ORL,80.0,31.1,-1.53,0.97,-0.56,2.73,2014,Victor Oladipo, SG
182.0,"Tyler Zeller, C",CLE,70.0,15.0,-2.06,1.49,-0.57,1.16,2014,Tyler Zeller, C
183.0,"Ray Allen, SG",MIA,73.0,26.5,2.38,-2.96,-0.58,2.02,2014,Ray Allen, SG
184.0,"Jared Dudley, SF",LAC,74.0,23.4,-0.74,0.15,-0.59,1.93,2014,Jared Dudley, SF
185.0,"Shaun Livingston, PG",BKN,76.0,26.0,-0.11,-0.49,-0.6,2.05,2014,Shaun Livingston, PG
186.0,"Nick Calathes, SG",MEM,71.0,16.5,-0.71,0.11,-0.6,1.22,2014,Nick Calathes, SG
187.0,"Jamal Crawford, SG",LAC,69.0,30.3,1.75,-2.38,-0.63,2.3,2014,Jamal Crawford, SG
190.0,"Alexey Shved, PG",MIN,63.0,10.5,-0.23,-0.47,-0.7,0.68,2014,Alexey Shved, PG
192.0,"Kevin Martin, SG",MIN,68.0,32.0,1.25,-2.0,-0.75,2.28,2014,Kevin Martin, SG
196.0,"C.J. Watson, PG",IND,63.0,18.9,0.15,-0.93,-0.78,1.17,2014,C.J. Watson, PG
198.0,"Kentavious Caldwell-Pope, SG",DET,80.0,19.8,-1.8,0.98,-0.82,1.55,2014,Kentavious Caldwell-Pope, SG
199.0,"Donatas Motiejunas, PF",HOU,62.0,15.4,-1.37,0.53,-0.84,0.94,2014,Donatas Motiejunas, PF
200.0,"Martell Webster, SF",WSH,78.0,27.7,1.97,-2.86,-0.89,1.88,2014,Martell Webster, SF
202.0,"Derrick Favors, PF",UTAH,73.0,30.2,-2.54,1.61,-0.93,1.9,2014,Derrick Favors, PF
204.0,"Kyle Singler, SF",DET,82.0,28.5,-0.83,-0.14,-0.97,2.03,2014,Kyle Singler, SF
205.0,"Glen Davis, PF",LAC/ORL,68.0,24.4,-3.22,2.22,-1.0,1.35,2014,Glen Davis, PF
207.0,"Nick Young, SF",LAL,64.0,28.3,0.91,-1.92,-1.01,1.57,2014,Nick Young, SF
209.0,"Shawn Marion, SG",DAL,76.0,31.7,-1.72,0.67,-1.05,1.94,2014,Shawn Marion, SG
210.0,"Lavoy Allen, PF",IND/PHI,65.0,16.5,-3.07,2.02,-1.05,0.91,2014,Lavoy Allen, PF
211.0,"Jeff Teague, PG",ATL,79.0,32.2,-0.22,-0.84,-1.06,2.05,2014,Jeff Teague, PG
213.0,"Tayshaun Prince, SF",MEM,76.0,25.6,-1.46,0.35,-1.11,1.42,2014,Tayshaun Prince, SF
214.0,"Elton Brand, PF",ATL,73.0,19.4,-2.84,1.72,-1.12,1.09,2014,Elton Brand, PF
215.0,"Dante Cunningham, PF",MIN,81.0,20.2,-1.28,0.14,-1.14,1.24,2014,Dante Cunningham, PF
216.0,"Giannis Antetokounmpo, SF",MIL,77.0,24.6,0.66,-1.8,-1.14,1.4,2014,Giannis Antetokounmpo, SF
219.0,"Ian Mahinmi, C",IND,77.0,16.2,-4.93,3.75,-1.18,0.89,2014,Ian Mahinmi, C
222.0,"Trey Burke, PG",UTAH,70.0,32.3,2.02,-3.25,-1.23,1.54,2014,Trey Burke, PG
225.0,"Randy Foye, SG",DEN,81.0,30.7,-0.05,-1.22,-1.27,1.76,2014,Randy Foye, SG
227.0,"Jeremy Lamb, SG",OKC,78.0,19.7,-0.33,-0.97,-1.3,1.01,2014,Jeremy Lamb, SG
228.0,"Kelly Olynyk, C",BOS,70.0,20.0,0.38,-1.71,-1.33,0.9,2014,Kelly Olynyk, C
231.0,"Kyrie Irving, PG",CLE,71.0,35.2,1.98,-3.38,-1.4,1.45,2014,Kyrie Irving, PG
232.0,"Terrence Jones, PF",HOU,76.0,27.3,0.49,-1.9,-1.41,1.23,2014,Terrence Jones, PF
235.0,"Terrence Ross, SF",TOR,81.0,26.7,0.95,-2.38,-1.43,1.22,2014,Terrence Ross, SF
236.0,"Mike Miller, SG",MEM,82.0,20.8,1.59,-3.03,-1.44,0.93,2014,Mike Miller, SG
237.0,"Anthony Morrow, SG",NO,76.0,18.8,0.34,-1.81,-1.47,0.75,2014,Anthony Morrow, SG
240.0,"Rodney Stuckey, PG",DET,73.0,26.7,1.73,-3.24,-1.51,1.02,2014,Rodney Stuckey, PG
242.0,"Gerald Green, SF",PHX,82.0,28.4,-0.43,-1.11,-1.54,1.2,2014,Gerald Green, SF
245.0,"Garrett Temple, SG",WSH,75.0,8.5,-1.49,-0.13,-1.62,0.28,2014,Garrett Temple, SG
249.0,"Kris Humphries, PF",BOS,69.0,19.9,-2.32,0.64,-1.68,0.57,2014,Kris Humphries, PF
250.0,"Jose Calderon, PG",DAL,81.0,30.5,1.87,-3.56,-1.69,1.02,2014,Jose Calderon, PG
252.0,"Darren Collison, PG",LAC,80.0,25.9,1.51,-3.23,-1.72,0.82,2014,Darren Collison, PG
253.0,"Miles Plumlee, C",PHX,80.0,24.6,-3.32,1.55,-1.77,0.72,2014,Miles Plumlee, C
258.0,"Spencer Hawes, PF",CLE/PHI,80.0,30.9,-2.24,0.39,-1.85,0.79,2014,Spencer Hawes, PF
260.0,"DeJuan Blair, C",DAL,78.0,15.6,-2.09,0.2,-1.89,0.35,2014,DeJuan Blair, C
262.0,"Perry Jones, SF",OKC,62.0,12.3,-1.36,-0.55,-1.91,0.21,2014,Perry Jones, SF
263.0,"Brandon Bass, PF",BOS,82.0,27.6,-1.49,-0.43,-1.92,0.61,2014,Brandon Bass, PF
269.0,"Tobias Harris, SF",ORL,61.0,30.3,-0.94,-1.03,-1.97,0.42,2014,Tobias Harris, SF
270.0,"John Salmons, SF",SAC/TOR,78.0,22.1,-1.74,-0.25,-1.99,0.37,2014,John Salmons, SF
271.0,"Jonas Jerebko, PF",DET,64.0,11.6,-1.97,-0.02,-1.99,0.17,2014,Jonas Jerebko, PF
275.0,"Louis Williams, SG",ATL,60.0,24.1,1.7,-3.73,-2.03,0.28,2014,Louis Williams, SG
277.0,"Mirza Teletovic, PF",BKN,72.0,19.4,0.04,-2.08,-2.04,0.27,2014,Mirza Teletovic, PF
279.0,"Tristan Thompson, C",CLE,82.0,31.6,-0.76,-1.3,-2.06,0.46,2014,Tristan Thompson, C
281.0,"Ramon Sessions, PG",MIL/CHA,83.0,26.7,0.9,-2.98,-2.08,0.37,2014,Ramon Sessions, PG
282.0,"James Anderson, SG",PHI,80.0,28.9,-0.93,-1.15,-2.08,0.41,2014,James Anderson, SG
287.0,"Rashard Lewis, PF",MIA,60.0,16.2,-1.89,-0.29,-2.18,0.1,2014,Rashard Lewis, PF
289.0,"Dorell Wright, SF",POR,68.0,14.5,-1.14,-1.09,-2.23,0.07,2014,Dorell Wright, SF
292.0,"Quincy Acy, SF",SAC/TOR,63.0,13.4,-0.8,-1.44,-2.24,0.06,2014,Quincy Acy, SF
294.0,"Cody Zeller, PF",CHA,82.0,17.3,-3.04,0.79,-2.25,0.09,2014,Cody Zeller, PF
297.0,"Jeremy Evans, SF",UTAH,66.0,18.3,-2.78,0.5,-2.28,0.05,2014,Jeremy Evans, SF
298.0,"Khris Middleton, SG",MIL,82.0,30.0,1.22,-3.5,-2.28,0.1,2014,Khris Middleton, SG
299.0,"Marcus Thornton, SF",BKN/SAC,72.0,24.2,0.05,-2.34,-2.29,0.06,2014,Marcus Thornton, SF
300.0,"Phil Pressey, PG",BOS,75.0,15.1,-1.12,-1.17,-2.29,0.04,2014,Phil Pressey, PG
303.0,"Omri Casspi, SF",HOU,71.0,18.1,-2.64,0.33,-2.31,0.03,2014,Omri Casspi, SF
307.0,"Alan Anderson, SG",BKN,78.0,22.7,-1.16,-1.22,-2.38,-0.03,2014,Alan Anderson, SG
309.0,"Ish Smith, PG",PHX,70.0,14.4,-3.32,0.92,-2.4,-0.03,2014,Ish Smith, PG
311.0,"Jeff Green, SF",BOS,82.0,34.2,-2.14,-0.27,-2.41,-0.11,2014,Jeff Green, SF
314.0,"Austin Rivers, PG",NO,69.0,19.4,0.56,-3.03,-2.47,-0.1,2014,Austin Rivers, PG
315.0,"Robert Sacre, C",LAL,65.0,16.8,-2.56,0.06,-2.5,-0.11,2014,Robert Sacre, C
320.0,"Ed Davis, PF",MEM,63.0,15.2,-3.95,1.38,-2.57,-0.13,2014,Ed Davis, PF
321.0,"Gerald Henderson, SG",CHA,77.0,32.0,-1.66,-0.96,-2.62,-0.39,2014,Gerald Henderson, SG
323.0,"Jonas Valanciunas, C",TOR,81.0,28.2,-2.3,-0.4,-2.7,-0.48,2014,Jonas Valanciunas, C
325.0,"Mo Williams, PG",POR,74.0,24.8,0.21,-2.94,-2.73,-0.43,2014,Mo Williams, PG
326.0,"Jordan Crawford, SG",BOS/GS,81.0,23.0,-0.24,-2.49,-2.73,-0.45,2014,Jordan Crawford, SG
327.0,"Derrick Williams, PF",MIN/SAC,78.0,23.3,-2.05,-0.68,-2.73,-0.43,2014,Derrick Williams, PF
331.0,"Cartier Martin, PF",ATL/CHI,59.0,14.7,-2.28,-0.51,-2.79,-0.24,2014,Cartier Martin, PF
332.0,"Evan Turner, SG",IND/PHI,81.0,30.3,-1.51,-1.28,-2.79,-0.7,2014,Evan Turner, SG
335.0,"Jerryd Bayless, PG",BOS/MEM,72.0,23.4,0.84,-3.68,-2.84,-0.5,2014,Jerryd Bayless, PG
338.0,"Harrison Barnes, SF",GS,78.0,28.3,-2.4,-0.48,-2.88,-0.74,2014,Harrison Barnes, SF
339.0,"Tyler Hansbrough, PF",TOR,64.0,15.3,-2.93,0.04,-2.89,-0.32,2014,Tyler Hansbrough, PF
340.0,"Eric Gordon, SG",NO,64.0,32.1,1.85,-4.75,-2.9,-0.7,2014,Eric Gordon, SG
341.0,"Tyreke Evans, SG",NO,72.0,28.2,0.76,-3.72,-2.96,-0.75,2014,Tyreke Evans, SG
344.0,"Luis Scola, PF",IND,82.0,17.1,-3.58,0.55,-3.03,-0.58,2014,Luis Scola, PF
345.0,"Jordan Hamilton, SG",DEN/HOU,60.0,17.0,-1.81,-1.22,-3.03,-0.45,2014,Jordan Hamilton, SG
346.0,"Mason Plumlee, C",BKN,70.0,18.2,-1.42,-1.62,-3.04,-0.53,2014,Mason Plumlee, C
347.0,"Michael Carter-Williams, PG",PHI,70.0,34.5,-0.95,-2.1,-3.05,-1.11,2014,Michael Carter-Williams, PG
348.0,"Norris Cole, PG",MIA,82.0,24.6,-1.32,-1.74,-3.06,-0.84,2014,Norris Cole, PG
349.0,"Richard Jefferson, SF",UTAH,82.0,27.0,-1.93,-1.14,-3.07,-0.96,2014,Richard Jefferson, SF
351.0,"Travis Outlaw, SF",SAC,63.0,16.9,-2.33,-0.76,-3.09,-0.49,2014,Travis Outlaw, SF
353.0,"Nazr Mohammed, C",CHI,80.0,7.0,-4.8,1.68,-3.12,-0.24,2014,Nazr Mohammed, C
354.0,"Aaron Brooks, PG",DEN/HOU,72.0,21.6,0.7,-3.84,-3.14,-0.79,2014,Aaron Brooks, PG
355.0,"Marco Belinelli, SG",SA,80.0,25.2,0.46,-3.63,-3.17,-1.04,2014,Marco Belinelli, SG
356.0,"Brandon Knight, PG",MIL,72.0,33.3,-1.2,-1.98,-3.18,-1.21,2014,Brandon Knight, PG
357.0,"Arron Afflalo, SG",ORL,73.0,35.0,-0.24,-2.95,-3.19,-1.3,2014,Arron Afflalo, SG
358.0,"Jarrett Jack, PG",CLE,80.0,28.2,-1.59,-1.61,-3.2,-1.16,2014,Jarrett Jack, PG
359.0,"J.J. Barea, PG",MIN,79.0,18.6,-1.9,-1.33,-3.23,-0.81,2014,J.J. Barea, PG
361.0,"Jordan Hill, C",LAL,72.0,20.8,-2.82,-0.47,-3.29,-0.91,2014,Jordan Hill, C
363.0,"Trevor Booker, PF",WSH,72.0,21.6,-0.44,-2.9,-3.34,-0.92,2014,Trevor Booker, PF
367.0,"Gorgui Dieng, C",MIN,60.0,13.6,-3.73,0.18,-3.55,-0.63,2014,Gorgui Dieng, C
369.0,"Steven Adams, C",OKC,81.0,14.8,-3.35,-0.3,-3.65,-0.99,2014,Steven Adams, C
371.0,"Cory Joseph, PG",SA,68.0,13.8,-0.74,-2.94,-3.68,-0.78,2014,Cory Joseph, PG
372.0,"Hollis Thompson, SG",PHI,77.0,22.6,-0.22,-3.46,-3.68,-1.5,2014,Hollis Thompson, SG
373.0,"Brian Roberts, PG",NO,72.0,23.2,-1.45,-2.33,-3.78,-1.45,2014,Brian Roberts, PG
374.0,"Andrew Nicholson, PF",ORL,76.0,15.4,-4.79,1.0,-3.79,-1.03,2014,Andrew Nicholson, PF
377.0,"D.J. Augustin, PG",CHI/TOR,71.0,27.3,0.03,-3.88,-3.85,-1.7,2014,D.J. Augustin, PG
379.0,"Thomas Robinson, PF",POR,70.0,12.5,-2.34,-1.55,-3.89,-0.82,2014,Thomas Robinson, PF
383.0,"Brandon Jennings, PG",DET,80.0,34.1,0.39,-4.37,-3.98,-2.82,2014,Brandon Jennings, PG
384.0,"Bismack Biyombo, C",CHA,77.0,13.9,-3.9,-0.11,-4.01,-1.06,2014,Bismack Biyombo, C
385.0,"Luke Ridnour, PG",MIL/CHA,61.0,18.7,-1.26,-2.76,-4.02,-1.13,2014,Luke Ridnour, PG
386.0,"Diante Garrett, PG",UTAH,71.0,14.8,-2.71,-1.41,-4.12,-1.12,2014,Diante Garrett, PG
387.0,"Carlos Boozer, PF",CHI,76.0,28.2,-4.11,-0.02,-4.13,-2.28,2014,Carlos Boozer, PF
391.0,"E'Twaun Moore, SG",ORL,79.0,19.1,-2.99,-1.21,-4.2,-1.71,2014,E'Twaun Moore, SG
396.0,"Kendrick Perkins, C",OKC,62.0,19.5,-7.25,2.94,-4.31,-1.51,2014,Kendrick Perkins, C
398.0,"Wesley Johnson, SF",LAL,79.0,28.4,-3.54,-0.83,-4.37,-3.01,2014,Wesley Johnson, SF
401.0,"Mike Scott, PF",ATL,80.0,18.5,-1.94,-2.46,-4.4,-1.89,2014,Mike Scott, PF
408.0,"Alonzo Gee, SG",CLE,65.0,15.7,-2.67,-1.96,-4.63,-1.46,2014,Alonzo Gee, SG
409.0,"Enes Kanter, C",UTAH,80.0,26.7,-2.88,-1.75,-4.63,-2.96,2014,Enes Kanter, C
417.0,"Maurice Harkless, SF",ORL,80.0,24.4,-2.42,-2.67,-5.09,-3.3,2014,Maurice Harkless, SF
418.0,"JJ Hickson, C",DEN,69.0,26.9,-4.57,-0.62,-5.19,-3.43,2014,JJ Hickson, C
422.0,"Amar'e Stoudemire, C",NY,65.0,22.6,-3.25,-2.16,-5.41,-2.58,2014,Amar'e Stoudemire, C
423.0,"Marreese Speights, C",GS,79.0,12.4,-4.99,-0.43,-5.42,-1.93,2014,Marreese Speights, C
424.0,"Ben McLemore, SG",SAC,82.0,26.7,-2.81,-2.68,-5.49,-4.29,2014,Ben McLemore, SG
425.0,"Kent Bazemore, SF",GS/LAL,67.0,13.6,-4.11,-1.44,-5.55,-1.96,2014,Kent Bazemore, SF
427.0,"Tony Snell, SF",CHI,77.0,16.0,-3.94,-1.69,-5.63,-2.37,2014,Tony Snell, SF
430.0,"John Henson, PF",MIL,70.0,26.5,-3.42,-2.35,-5.77,-3.82,2014,John Henson, PF
431.0,"Tony Wroten, SG",PHI,72.0,24.5,-2.8,-3.26,-6.06,-4.31,2014,Tony Wroten, SG
432.0,"Tim Hardaway Jr., SG",NY,81.0,23.1,-1.5,-4.89,-6.39,-4.53,2014,Tim Hardaway Jr., SG
437.0,"Elliot Williams, SG",PHI,67.0,17.3,-5.29,-3.15,-8.44,-4.58,2014,Elliot Williams, SG
1.0,"Stephen Curry, PG",GS,80.0,32.7,7.43,1.91,9.34,20.07,2015,Stephen Curry, PG
2.0,"LeBron James, SF",CLE,69.0,36.1,6.02,2.76,8.78,17.03,2015,LeBron James, SF
3.0,"James Harden, SG",HOU,81.0,36.8,8.66,-0.16,8.5,20.63,2015,James Harden, SG
4.0,"Anthony Davis, PF",NO,68.0,36.1,3.98,4.2,8.18,15.86,2015,Anthony Davis, PF
5.0,"Kawhi Leonard, SF",SA,64.0,31.8,2.98,4.59,7.57,12.67,2015,Kawhi Leonard, SF
6.0,"Russell Westbrook, PG",OKC,67.0,34.4,7.79,-0.71,7.08,14.15,2015,Russell Westbrook, PG
7.0,"Chris Paul, PG",LAC,82.0,34.8,6.45,0.47,6.92,16.75,2015,Chris Paul, PG
8.0,"Draymond Green, PF",GS,79.0,31.5,1.57,5.23,6.8,14.8,2015,Draymond Green, PF
9.0,"DeMarcus Cousins, C",SAC,59.0,34.1,1.41,4.71,6.12,10.86,2015,DeMarcus Cousins, C
10.0,"Khris Middleton, SG",MIL,79.0,30.1,1.97,4.09,6.06,12.42,2015,Khris Middleton, SG
11.0,"Kyle Korver, SG",ATL,75.0,32.2,4.08,1.34,5.42,11.59,2015,Kyle Korver, SG
12.0,"Danny Green, SG",SA,81.0,28.5,3.25,2.16,5.41,11.0,2015,Danny Green, SG
13.0,"Tim Duncan, C",SA,77.0,28.9,0.53,4.67,5.2,10.33,2015,Tim Duncan, C
14.0,"Paul Millsap, PF",ATL,73.0,32.7,2.87,2.22,5.09,11.01,2015,Paul Millsap, PF
15.0,"Tony Allen, SG",MEM,63.0,26.2,-0.11,4.92,4.81,7.23,2015,Tony Allen, SG
16.0,"Zaza Pachulia, C",MIL,73.0,23.7,1.38,3.42,4.8,7.66,2015,Zaza Pachulia, C
17.0,"Tyson Chandler, C",DAL,75.0,30.5,1.04,3.54,4.58,9.99,2015,Tyson Chandler, C
18.0,"Zach Randolph, PF",MEM,71.0,32.5,1.84,2.71,4.55,9.58,2015,Zach Randolph, PF
19.0,"Gordon Hayward, SF",UTAH,76.0,34.4,3.3,1.19,4.49,10.81,2015,Gordon Hayward, SF
20.0,"DeAndre Jordan, C",LAC,82.0,34.4,2.03,2.43,4.46,12.08,2015,DeAndre Jordan, C
21.0,"Cody Zeller, PF",CHA,62.0,24.0,1.12,3.23,4.35,6.08,2015,Cody Zeller, PF
22.0,"John Wall, PG",WSH,79.0,35.9,2.57,1.73,4.3,11.63,2015,John Wall, PG
23.0,"Jimmy Butler, SG",CHI,65.0,38.7,3.87,0.43,4.3,10.31,2015,Jimmy Butler, SG
25.0,"LaMarcus Aldridge, PF",POR,71.0,35.4,3.7,0.36,4.06,9.95,2015,LaMarcus Aldridge, PF
26.0,"Kyle Lowry, PG",TOR,70.0,34.5,2.58,1.25,3.83,9.28,2015,Kyle Lowry, PG
28.0,"Damian Lillard, PG",POR,82.0,35.7,4.14,-0.37,3.77,11.15,2015,Damian Lillard, PG
29.0,"Wesley Matthews, SG",POR,60.0,33.7,1.38,2.27,3.65,7.55,2015,Wesley Matthews, SG
30.0,"Klay Thompson, SG",GS,77.0,31.9,4.36,-0.72,3.64,9.6,2015,Klay Thompson, SG
31.0,"Marc Gasol, C",MEM,81.0,33.2,1.7,1.91,3.61,9.68,2015,Marc Gasol, C
32.0,"Nikola Mirotic, PF",CHI,82.0,20.2,1.75,1.75,3.5,5.92,2015,Nikola Mirotic, PF
33.0,"Kelly Olynyk, C",BOS,64.0,22.3,1.79,1.71,3.5,5.27,2015,Kelly Olynyk, C
34.0,"Serge Ibaka, PF",OKC,64.0,33.1,-0.05,3.51,3.46,7.75,2015,Serge Ibaka, PF
35.0,"Eric Bledsoe, PG",PHX,81.0,34.6,1.61,1.85,3.46,10.38,2015,Eric Bledsoe, PG
36.0,"Markieff Morris, PF",PHX,82.0,31.5,0.4,3.03,3.43,9.49,2015,Markieff Morris, PF
37.0,"Derrick Favors, PF",UTAH,74.0,30.8,1.22,2.18,3.4,7.84,2015,Derrick Favors, PF
38.0,"Kyrie Irving, PG",CLE,75.0,36.4,4.29,-0.89,3.4,9.74,2015,Kyrie Irving, PG
39.0,"Luol Deng, SF",MIA,72.0,33.6,3.7,-0.33,3.37,8.41,2015,Luol Deng, SF
40.0,"Blake Griffin, PF",LAC,67.0,35.2,2.97,0.38,3.35,8.46,2015,Blake Griffin, PF
41.0,"Mike Dunleavy, SG",CHI,63.0,29.2,1.18,2.15,3.33,6.38,2015,Mike Dunleavy, SG
43.0,"Manu Ginobili, SG",SA,70.0,22.7,1.53,1.75,3.28,5.51,2015,Manu Ginobili, SG
45.0,"Matt Barnes, SF",LAC,76.0,29.9,1.34,1.83,3.17,7.94,2015,Matt Barnes, SF
46.0,"Andrew Bogut, C",GS,67.0,23.6,-1.81,4.97,3.16,5.58,2015,Andrew Bogut, C
47.0,"Tyreke Evans, SG",NO,79.0,34.1,3.8,-0.65,3.15,9.02,2015,Tyreke Evans, SG
48.0,"Timofey Mozgov, C",CLE/DEN,81.0,25.3,-0.57,3.43,2.86,6.68,2015,Timofey Mozgov, C
51.0,"Anthony Morrow, SG",OKC,74.0,24.4,2.33,0.43,2.76,5.89,2015,Anthony Morrow, SG
52.0,"Kevin Love, PF",CLE,75.0,33.8,1.75,0.96,2.71,7.92,2015,Kevin Love, PF
54.0,"Al-Farouq Aminu, SF",DAL,74.0,18.5,-0.26,2.93,2.67,4.32,2015,Al-Farouq Aminu, SF
55.0,"Greg Monroe, C",DET,69.0,31.0,0.37,2.28,2.65,6.49,2015,Greg Monroe, C
57.0,"Jonas Jerebko, PF",BOS/DET,75.0,16.4,0.95,1.65,2.6,3.72,2015,Jonas Jerebko, PF
58.0,"Chandler Parsons, SF",DAL,66.0,33.1,2.47,0.07,2.54,6.79,2015,Chandler Parsons, SF
59.0,"Louis Williams, SG",TOR,80.0,25.2,4.49,-1.97,2.52,6.02,2015,Louis Williams, SG
60.0,"Bradley Beal, SG",WSH,63.0,33.4,1.93,0.55,2.48,6.13,2015,Bradley Beal, SG
61.0,"Marcin Gortat, C",WSH,82.0,29.9,-0.1,2.56,2.46,7.28,2015,Marcin Gortat, C
62.0,"Tyler Hansbrough, PF",TOR,74.0,14.3,0.67,1.79,2.46,3.08,2015,Tyler Hansbrough, PF
63.0,"Jared Dudley, SF",MIL,72.0,23.8,-0.1,2.47,2.37,5.04,2015,Jared Dudley, SF
64.0,"Jusuf Nurkic, C",DEN,62.0,17.8,-1.69,4.02,2.33,3.33,2015,Jusuf Nurkic, C
65.0,"Pau Gasol, C",CHI,78.0,34.4,0.85,1.45,2.3,7.71,2015,Pau Gasol, C
66.0,"Iman Shumpert, SG",CLE/NY,62.0,24.9,0.33,1.92,2.25,4.25,2015,Iman Shumpert, SG
67.0,"Marcus Smart, PG",BOS,67.0,27.0,1.17,1.05,2.22,5.21,2015,Marcus Smart, PG
68.0,"Kenneth Faried, PF",DEN,75.0,27.8,1.9,0.25,2.15,5.96,2015,Kenneth Faried, PF
69.0,"Al Horford, C",ATL,76.0,30.5,0.32,1.82,2.14,6.34,2015,Al Horford, C
70.0,"Mike Conley, PG",MEM,70.0,31.8,2.36,-0.25,2.11,5.99,2015,Mike Conley, PG
71.0,"Robert Covington, SF",PHI,70.0,27.9,2.08,0.02,2.1,5.48,2015,Robert Covington, SF
72.0,"Elfrid Payton, PG",ORL,82.0,30.4,1.23,0.87,2.1,6.95,2015,Elfrid Payton, PG
73.0,"Lavoy Allen, PF",IND,63.0,17.0,0.42,1.62,2.04,2.88,2015,Lavoy Allen, PF
74.0,"Andre Roberson, SG",OKC,67.0,19.2,-1.3,3.3,2.0,3.61,2015,Andre Roberson, SG
75.0,"James Johnson, PF",TOR,70.0,19.6,0.33,1.66,1.99,3.66,2015,James Johnson, PF
76.0,"Danilo Gallinari, SF",DEN,59.0,24.2,2.05,-0.07,1.98,3.9,2015,Danilo Gallinari, SF
77.0,"Rudy Gobert, C",UTAH,82.0,26.3,-1.66,3.63,1.97,5.54,2015,Rudy Gobert, C
79.0,"Anthony Tolliver, PF",DET/PHX,76.0,18.8,2.09,-0.14,1.95,3.8,2015,Anthony Tolliver, PF
80.0,"Monta Ellis, SG",DAL,80.0,33.7,1.81,0.11,1.92,7.38,2015,Monta Ellis, SG
81.0,"Deron Williams, PG",BKN,68.0,31.1,2.36,-0.45,1.91,5.51,2015,Deron Williams, PG
82.0,"Nick Calathes, SG",MEM,58.0,14.4,-1.86,3.73,1.87,2.17,2015,Nick Calathes, SG
83.0,"Jeff Teague, PG",ATL,73.0,30.5,0.92,0.95,1.87,5.88,2015,Jeff Teague, PG
84.0,"Amir Johnson, PF",TOR,75.0,26.4,0.51,1.32,1.83,5.09,2015,Amir Johnson, PF
85.0,"Darrell Arthur, PF",DEN,58.0,17.0,-2.08,3.91,1.83,2.63,2015,Darrell Arthur, PF
87.0,"Jeremy Lin, PG",LAL,74.0,25.8,1.39,0.27,1.66,4.75,2015,Jeremy Lin, PG
88.0,"Jared Sullinger, C",BOS,58.0,27.0,1.51,0.15,1.66,3.97,2015,Jared Sullinger, C
89.0,"Ty Lawson, PG",DEN,75.0,35.5,3.96,-2.36,1.6,6.75,2015,Ty Lawson, PG
90.0,"Trevor Ariza, SF",HOU,82.0,35.7,-0.78,2.36,1.58,7.28,2015,Trevor Ariza, SF
91.0,"C.J. Miles, SF",IND,70.0,26.3,0.41,1.17,1.58,4.54,2015,C.J. Miles, SF
92.0,"Isaiah Thomas, PG",BOS/PHX,67.0,25.8,4.14,-2.69,1.45,4.16,2015,Isaiah Thomas, PG
94.0,"JJ Redick, SG",LAC,78.0,30.9,1.14,0.26,1.4,5.72,2015,JJ Redick, SG
95.0,"Andre Iguodala, SF",GS,77.0,26.9,0.37,0.99,1.36,4.88,2015,Andre Iguodala, SF
96.0,"C.J. McCollum, SG",POR,62.0,15.7,0.46,0.89,1.35,2.26,2015,C.J. McCollum, SG
97.0,"Pero Antic, PF",ATL,63.0,16.5,-0.12,1.46,1.34,2.35,2015,Pero Antic, PF
98.0,"Nick Collison, PF",OKC,66.0,16.7,-0.83,2.13,1.3,2.54,2015,Nick Collison, PF
99.0,"Alan Anderson, SG",BKN,74.0,23.6,-0.91,2.21,1.3,3.94,2015,Alan Anderson, SG
100.0,"Kentavious Caldwell-Pope, SG",DET,82.0,31.5,1.66,-0.37,1.29,5.78,2015,Kentavious Caldwell-Pope, SG
102.0,"Otto Porter Jr., SF",WSH,74.0,19.4,1.82,-0.59,1.23,3.03,2015,Otto Porter Jr., SF
103.0,"Thaddeus Young, PF",MIN/BKN,76.0,32.0,0.05,1.15,1.2,5.38,2015,Thaddeus Young, PF
104.0,"Reggie Jackson, PG",DET/OKC,77.0,29.5,2.28,-1.1,1.18,4.93,2015,Reggie Jackson, PG
105.0,"Joakim Noah, C",CHI,67.0,30.6,-1.12,2.21,1.09,4.33,2015,Joakim Noah, C
107.0,"Ben McLemore, SG",SAC,82.0,32.6,0.2,0.71,0.91,5.51,2015,Ben McLemore, SG
111.0,"Cory Joseph, PG",SA,79.0,18.3,-0.05,0.93,0.88,2.83,2015,Cory Joseph, PG
112.0,"Joe Johnson, SF",BKN,80.0,34.9,2.11,-1.24,0.87,5.41,2015,Joe Johnson, SF
114.0,"Giannis Antetokounmpo, SF",MIL,81.0,31.4,-0.63,1.5,0.87,5.04,2015,Giannis Antetokounmpo, SF
116.0,"Tristan Thompson, C",CLE,82.0,26.8,1.34,-0.48,0.86,4.25,2015,Tristan Thompson, C
118.0,"J.J. Barea, PG",DAL,77.0,17.7,2.71,-1.93,0.78,2.64,2015,J.J. Barea, PG
119.0,"Kosta Koufos, C",MEM,81.0,16.6,-2.56,3.3,0.74,2.56,2015,Kosta Koufos, C
120.0,"Andre Drummond, C",DET,82.0,30.5,-0.07,0.81,0.74,4.75,2015,Andre Drummond, C
123.0,"Dirk Nowitzki, PF",DAL,77.0,29.6,2.51,-1.89,0.62,4.22,2015,Dirk Nowitzki, PF
124.0,"Nene Hilario, C",WSH,67.0,25.3,-2.31,2.91,0.6,3.04,2015,Nene Hilario, C
125.0,"Tyler Zeller, C",BOS,82.0,21.1,-0.78,1.36,0.58,3.25,2015,Tyler Zeller, C
126.0,"Luis Scola, PF",IND,81.0,20.5,-0.3,0.87,0.57,3.03,2015,Luis Scola, PF
129.0,"Harrison Barnes, SF",GS,82.0,28.3,-0.68,1.23,0.55,4.37,2015,Harrison Barnes, SF
130.0,"Robin Lopez, C",POR,59.0,27.8,-1.21,1.74,0.53,2.94,2015,Robin Lopez, C
131.0,"J.R. Smith, SG",CLE/NY,70.0,29.7,1.02,-0.54,0.48,3.62,2015,J.R. Smith, SG
132.0,"Marvin Williams, PF",CHA,78.0,26.1,-0.6,1.03,0.43,3.48,2015,Marvin Williams, PF
133.0,"Rudy Gay, SF",SAC,68.0,35.4,2.87,-2.46,0.41,4.2,2015,Rudy Gay, SF
134.0,"DeMarre Carroll, SF",ATL,70.0,31.3,0.79,-0.38,0.41,3.75,2015,DeMarre Carroll, SF
135.0,"Nicolas Batum, SG",POR,71.0,33.5,0.26,0.12,0.38,4.08,2015,Nicolas Batum, SG
137.0,"Gerald Henderson, SG",CHA,80.0,28.9,-0.65,1.01,0.36,3.84,2015,Gerald Henderson, SG
139.0,"Patrick Patterson, PF",TOR,81.0,26.6,2.17,-1.83,0.34,3.52,2015,Patrick Patterson, PF
140.0,"Paul Pierce, SF",WSH,73.0,26.2,0.05,0.25,0.3,3.13,2015,Paul Pierce, SF
144.0,"Jason Terry, SG",HOU,77.0,21.3,-0.19,0.36,0.17,2.65,2015,Jason Terry, SG
146.0,"Aron Baynes, C",SA,70.0,16.0,-1.13,1.25,0.12,1.75,2015,Aron Baynes, C
148.0,"Donatas Motiejunas, PF",HOU,71.0,28.7,-1.04,1.13,0.09,3.13,2015,Donatas Motiejunas, PF
149.0,"Boris Diaw, C",SA,81.0,24.5,-0.2,0.26,0.06,2.93,2015,Boris Diaw, C
152.0,"Roy Hibbert, C",IND,76.0,25.3,-2.44,2.43,-0.01,2.73,2015,Roy Hibbert, C
153.0,"David West, PF",IND,66.0,28.7,-1.06,1.0,-0.06,2.68,2015,David West, PF
154.0,"Alexis Ajinca, C",NO,68.0,14.1,-1.01,0.9,-0.11,1.27,2015,Alexis Ajinca, C
155.0,"Chris Andersen, PF",MIA,60.0,18.9,-2.08,1.94,-0.14,1.51,2015,Chris Andersen, PF
156.0,"Wayne Ellington, SG",LAL,65.0,25.8,-0.69,0.53,-0.16,2.2,2015,Wayne Ellington, SG
158.0,"DeMar DeRozan, SG",TOR,60.0,35.0,0.21,-0.39,-0.18,2.81,2015,DeMar DeRozan, SG
160.0,"James Ennis, SF",MIA,62.0,17.0,0.11,-0.36,-0.25,1.31,2015,James Ennis, SF
162.0,"Victor Oladipo, SG",ORL,72.0,35.7,1.28,-1.59,-0.31,3.29,2015,Victor Oladipo, SG
163.0,"Brandan Wright, PF",BOS/DAL/PHX,75.0,19.3,-0.49,0.16,-0.33,1.84,2015,Brandan Wright, PF
164.0,"Dwyane Wade, SG",MIA,62.0,31.8,1.61,-1.95,-0.34,2.41,2015,Dwyane Wade, SG
166.0,"Rodney Stuckey, PG",IND,71.0,26.4,-0.19,-0.15,-0.34,2.31,2015,Rodney Stuckey, PG
167.0,"Goran Dragic, PG",MIA/PHX,78.0,33.8,1.76,-2.1,-0.34,3.36,2015,Goran Dragic, PG
168.0,"Avery Bradley, PG",BOS,77.0,31.5,-1.07,0.73,-0.34,3.13,2015,Avery Bradley, PG
175.0,"Shaun Livingston, PG",GS,78.0,18.8,-1.27,0.83,-0.44,1.77,2015,Shaun Livingston, PG
176.0,"Jae Crowder, SF",BOS/DAL,82.0,20.1,0.63,-1.07,-0.44,1.99,2015,Jae Crowder, SF
177.0,"Josh Smith, C",DET/HOU,83.0,27.7,-1.84,1.39,-0.45,2.8,2015,Josh Smith, C
183.0,"Tony Snell, SF",CHI,72.0,19.6,-0.29,-0.3,-0.59,1.53,2015,Tony Snell, SF
184.0,"Dewayne Dedmon, C",ORL,59.0,14.3,-2.79,2.2,-0.59,0.92,2015,Dewayne Dedmon, C
185.0,"Brook Lopez, C",BKN,72.0,29.2,-0.76,0.16,-0.6,2.22,2015,Brook Lopez, C
186.0,"Matthew Dellavedova, PG",CLE,67.0,20.6,-0.52,-0.08,-0.6,1.44,2015,Matthew Dellavedova, PG
187.0,"Richard Jefferson, SF",DAL,74.0,16.8,-0.45,-0.16,-0.61,1.38,2015,Richard Jefferson, SF
188.0,"Mason Plumlee, C",BKN,82.0,21.3,-0.32,-0.29,-0.61,1.82,2015,Mason Plumlee, C
189.0,"P.J. Tucker, SF",PHX,78.0,30.6,-1.22,0.6,-0.62,2.6,2015,P.J. Tucker, SF
190.0,"Jonas Valanciunas, C",TOR,80.0,26.2,-1.71,1.03,-0.68,2.17,2015,Jonas Valanciunas, C
191.0,"Mo Williams, PG",MIN/CHA,68.0,29.1,1.02,-1.74,-0.72,2.02,2015,Mo Williams, PG
192.0,"Pablo Prigioni, PG",HOU/NY,67.0,17.9,-0.42,-0.3,-0.72,1.2,2015,Pablo Prigioni, PG
194.0,"Gorgui Dieng, C",MIN,73.0,30.0,-1.42,0.68,-0.74,2.2,2015,Gorgui Dieng, C
195.0,"Alex Len, C",PHX,69.0,22.0,-2.9,2.16,-0.74,1.59,2015,Alex Len, C
196.0,"Ian Mahinmi, C",IND,61.0,18.8,-3.22,2.47,-0.75,1.13,2015,Ian Mahinmi, C
197.0,"Hedo Turkoglu, SF",LAC,62.0,11.4,-0.04,-0.76,-0.8,0.68,2015,Hedo Turkoglu, SF
198.0,"Wesley Johnson, SF",LAL,76.0,29.5,-0.2,-0.6,-0.8,2.12,2015,Wesley Johnson, SF
200.0,"Dante Cunningham, PF",NO,66.0,25.0,-1.37,0.54,-0.83,1.49,2015,Dante Cunningham, PF
201.0,"Steve Blake, PG",POR,81.0,18.9,-0.12,-0.74,-0.86,1.41,2015,Steve Blake, PG
202.0,"Evan Fournier, SG",ORL,58.0,28.6,0.48,-1.35,-0.87,1.52,2015,Evan Fournier, SG
205.0,"Al Jefferson, C",CHA,65.0,30.6,-1.47,0.56,-0.91,1.75,2015,Al Jefferson, C
206.0,"Courtney Lee, SG",MEM,77.0,30.6,0.23,-1.14,-0.91,2.05,2015,Courtney Lee, SG
210.0,"Bismack Biyombo, C",CHA,64.0,19.4,-2.57,1.58,-0.99,1.02,2015,Bismack Biyombo, C
213.0,"Robert Sacre, C",LAL,67.0,16.9,-2.61,1.59,-1.02,0.93,2015,Robert Sacre, C
214.0,"Kemba Walker, PG",CHA,62.0,34.2,0.97,-2.0,-1.03,1.69,2015,Kemba Walker, PG
215.0,"Marcus Morris, PF",PHX,81.0,25.2,0.87,-1.91,-1.04,1.7,2015,Marcus Morris, PF
216.0,"Aaron Brooks, PG",CHI,82.0,23.0,1.25,-2.33,-1.08,1.46,2015,Aaron Brooks, PG
219.0,"Ersan Ilyasova, PF",MIL,58.0,22.7,1.34,-2.45,-1.11,1.02,2015,Ersan Ilyasova, PF
223.0,"Trevor Booker, PF",UTAH,79.0,19.8,0.39,-1.51,-1.12,1.14,2015,Trevor Booker, PF
225.0,"Ed Davis, PF",LAL,79.0,23.3,-0.26,-0.89,-1.15,1.35,2015,Ed Davis, PF
227.0,"Amar'e Stoudemire, C",DAL/NY,59.0,21.1,-0.05,-1.12,-1.17,0.88,2015,Amar'e Stoudemire, C
228.0,"Omer Asik, C",NO,76.0,26.1,-3.01,1.83,-1.18,1.41,2015,Omer Asik, C
229.0,"Steven Adams, C",OKC,70.0,25.3,-2.72,1.54,-1.18,1.3,2015,Steven Adams, C
230.0,"Mario Chalmers, PG",MIA,80.0,29.6,-1.65,0.45,-1.2,1.65,2015,Mario Chalmers, PG
235.0,"Will Barton, SF",DEN/POR,58.0,16.9,-1.62,0.34,-1.28,0.67,2015,Will Barton, SF
236.0,"Jerami Grant, SF",PHI,65.0,21.2,-2.4,1.12,-1.28,0.94,2015,Jerami Grant, SF
237.0,"Vince Carter, SG",MEM,66.0,16.5,-0.81,-0.49,-1.3,0.7,2015,Vince Carter, SG
239.0,"Taj Gibson, PF",CHI,62.0,27.3,-1.72,0.39,-1.33,1.05,2015,Taj Gibson, PF
241.0,"Luc Richard Mbah a Moute, PF",PHI,67.0,28.6,-3.12,1.78,-1.34,1.21,2015,Luc Richard Mbah a Moute, PF
242.0,"O.J. Mayo, SG",MIL,71.0,23.9,-0.71,-0.66,-1.37,1.05,2015,O.J. Mayo, SG
243.0,"Evan Turner, SG",BOS,82.0,27.6,-1.09,-0.28,-1.37,1.39,2015,Evan Turner, SG
244.0,"Joey Dorsey, PF",HOU,69.0,12.4,-2.42,1.03,-1.39,0.53,2015,Joey Dorsey, PF
245.0,"Channing Frye, PF",ORL,75.0,24.9,-1.28,-0.12,-1.4,1.11,2015,Channing Frye, PF
246.0,"Eric Gordon, SG",NO,61.0,33.1,0.48,-1.88,-1.4,1.17,2015,Eric Gordon, SG
247.0,"Brandon Bass, PF",BOS,82.0,23.5,-1.21,-0.21,-1.42,1.13,2015,Brandon Bass, PF
249.0,"Marreese Speights, C",GS,76.0,15.9,0.02,-1.47,-1.45,0.72,2015,Marreese Speights, C
253.0,"Nerlens Noel, PF",PHI,75.0,30.8,-4.85,3.35,-1.5,1.24,2015,Nerlens Noel, PF
259.0,"Corey Brewer, SF",HOU/MIN,80.0,26.1,-0.31,-1.24,-1.55,1.1,2015,Corey Brewer, SF
265.0,"Devin Harris, PG",DAL,76.0,22.2,0.24,-1.84,-1.6,0.79,2015,Devin Harris, PG
266.0,"Andre Miller, PG",SAC/WSH,81.0,15.5,0.51,-2.13,-1.62,0.55,2015,Andre Miller, PG
269.0,"Glen Davis, PF",LAC,74.0,12.2,-3.76,2.12,-1.64,0.4,2015,Glen Davis, PF
270.0,"Quincy Pondexter, SG",NO/MEM,75.0,23.9,-1.1,-0.54,-1.64,0.77,2015,Quincy Pondexter, SG
272.0,"Andrew Wiggins, SG",MIN,82.0,36.2,0.47,-2.13,-1.66,1.28,2015,Andrew Wiggins, SG
273.0,"Leandro Barbosa, SG",GS,66.0,14.9,0.13,-1.82,-1.69,0.42,2015,Leandro Barbosa, SG
274.0,"Spencer Hawes, PF",LAC,73.0,17.5,-2.6,0.91,-1.69,0.52,2015,Spencer Hawes, PF
275.0,"Ryan Anderson, PF",NO,61.0,27.5,2.05,-3.75,-1.7,0.66,2015,Ryan Anderson, PF
277.0,"Justin Holiday, SG",GS,59.0,11.1,-1.48,-0.23,-1.71,0.27,2015,Justin Holiday, SG
279.0,"Miles Plumlee, C",MIL/PHX,73.0,16.4,-2.01,0.28,-1.73,0.46,2015,Miles Plumlee, C
282.0,"Omri Casspi, SF",SAC,67.0,21.1,-0.02,-1.74,-1.76,0.54,2015,Omri Casspi, SF
283.0,"Dante Exum, PG",UTAH,82.0,22.2,-1.64,-0.13,-1.77,0.62,2015,Dante Exum, PG
284.0,"Jason Thompson, PF",SAC,81.0,24.6,-2.08,0.27,-1.81,0.67,2015,Jason Thompson, PF
286.0,"Nikola Vucevic, C",ORL,74.0,34.2,-1.48,-0.37,-1.85,0.79,2015,Nikola Vucevic, C
291.0,"Caron Butler, SF",DET,78.0,20.8,-1.69,-0.23,-1.92,0.42,2015,Caron Butler, SF
294.0,"Tarik Black, C",HOU/LAL,63.0,19.0,-1.67,-0.28,-1.95,0.29,2015,Tarik Black, C
296.0,"Terrence Ross, SF",TOR,82.0,25.5,1.76,-3.77,-2.01,0.43,2015,Terrence Ross, SF
297.0,"Beno Udrih, PG",MEM,79.0,18.9,0.24,-2.28,-2.04,0.28,2015,Beno Udrih, PG
298.0,"Wilson Chandler, SF",DEN,78.0,31.7,-0.64,-1.4,-2.04,0.49,2015,Wilson Chandler, SF
299.0,"Solomon Hill, SF",IND,82.0,29.0,-0.68,-1.36,-2.04,0.45,2015,Solomon Hill, SF
308.0,"Mike Scott, PF",ATL,68.0,16.5,-0.8,-1.44,-2.24,0.08,2015,Mike Scott, PF
309.0,"Michael Carter-Williams, PG",MIL/PHI,66.0,32.6,-3.05,0.78,-2.27,0.11,2015,Michael Carter-Williams, PG
310.0,"Jamal Crawford, SG",LAC,64.0,26.6,2.1,-4.38,-2.28,0.08,2015,Jamal Crawford, SG
311.0,"Shawne Williams, SF",DET/MIA,63.0,17.3,-0.64,-1.67,-2.31,0.03,2015,Shawne Williams, SF
313.0,"Brandon Knight, PG",MIL/PHX,63.0,32.3,-0.51,-1.85,-2.36,-0.01,2015,Brandon Knight, PG
315.0,"Jordan Clarkson, PG",LAL,59.0,25.0,0.64,-3.0,-2.36,-0.01,2015,Jordan Clarkson, PG
325.0,"Tobias Harris, SF",ORL,68.0,34.8,-0.32,-2.21,-2.53,-0.26,2015,Tobias Harris, SF
326.0,"Kyle Singler, SF",DET/OKC,80.0,21.8,-1.25,-1.29,-2.54,-0.21,2015,Kyle Singler, SF
328.0,"Joe Ingles, SF",UTAH,79.0,21.2,-2.31,-0.28,-2.59,-0.24,2015,Joe Ingles, SF
333.0,"Quincy Acy, SF",NY,68.0,18.9,-3.85,1.17,-2.68,-0.26,2015,Quincy Acy, SF
335.0,"Kris Humphries, PF",WSH,64.0,21.0,-2.46,-0.24,-2.7,-0.28,2015,Kris Humphries, PF
336.0,"Trey Burke, PG",UTAH,76.0,30.1,-0.18,-2.52,-2.7,-0.48,2015,Trey Burke, PG
340.0,"Enes Kanter, C",OKC/UTAH,75.0,28.5,1.15,-3.87,-2.72,-0.49,2015,Enes Kanter, C
342.0,"Rasual Butler, SF",WSH,75.0,20.1,-0.98,-1.77,-2.75,-0.37,2015,Rasual Butler, SF
343.0,"Greivis Vasquez, PG",TOR,82.0,24.3,-0.57,-2.21,-2.78,-0.52,2015,Greivis Vasquez, PG
347.0,"Ramon Sessions, PG",SAC/WSH,64.0,18.6,-2.5,-0.31,-2.81,-0.34,2015,Ramon Sessions, PG
348.0,"John Henson, PF",MIL,67.0,18.3,-4.13,1.32,-2.81,-0.35,2015,John Henson, PF
349.0,"Hollis Thompson, SG",PHI,71.0,25.0,-1.01,-1.8,-2.81,-0.52,2015,Hollis Thompson, SG
358.0,"Jameer Nelson, PG",BOS/DAL/DEN,63.0,22.3,-0.37,-2.49,-2.86,-0.45,2015,Jameer Nelson, PG
359.0,"Jerryd Bayless, PG",MIL,77.0,22.3,-2.36,-0.53,-2.89,-0.57,2015,Jerryd Bayless, PG
363.0,"Arron Afflalo, SG",DEN/POR,78.0,32.1,-1.07,-1.86,-2.93,-0.91,2015,Arron Afflalo, SG
365.0,"Jon Leuer, PF",MEM,63.0,13.1,-3.69,0.7,-2.99,-0.33,2015,Jon Leuer, PF
366.0,"Brian Roberts, PG",CHA,72.0,18.5,-0.64,-2.36,-3.0,-0.53,2015,Brian Roberts, PG
368.0,"Gerald Green, SF",PHX,74.0,19.5,0.29,-3.33,-3.04,-0.63,2015,Gerald Green, SF
371.0,"Charlie Villanueva, PF",DAL,64.0,10.6,-0.65,-2.4,-3.05,-0.31,2015,Charlie Villanueva, PF
373.0,"Norris Cole, PG",NO/MIA,75.0,24.4,-1.25,-1.85,-3.1,-0.81,2015,Norris Cole, PG
375.0,"Marco Belinelli, SG",SA,62.0,22.4,0.0,-3.12,-3.12,-0.66,2015,Marco Belinelli, SG
376.0,"Tony Parker, PG",SA,68.0,28.7,0.18,-3.33,-3.15,-0.98,2015,Tony Parker, PG
378.0,"Rajon Rondo, PG",BOS/DAL,68.0,29.7,-3.55,0.34,-3.21,-1.12,2015,Rajon Rondo, PG
381.0,"Cole Aldrich, C",NY,61.0,16.0,-4.78,1.51,-3.27,-0.54,2015,Cole Aldrich, C
385.0,"Jodie Meeks, SG",DET,60.0,24.4,-0.96,-2.38,-3.34,-0.88,2015,Jodie Meeks, SG
387.0,"Kent Bazemore, SF",ATL,75.0,17.7,-3.39,0.03,-3.36,-0.81,2015,Kent Bazemore, SF
388.0,"Damjan Rudez, SF",IND,68.0,15.4,-1.31,-2.09,-3.4,-0.68,2015,Damjan Rudez, SF
391.0,"Luke Babbitt, SF",NO,63.0,13.2,-1.66,-1.85,-3.51,-0.59,2015,Luke Babbitt, SF
392.0,"Dion Waiters, SG",CLE/OKC,80.0,27.6,-2.35,-1.17,-3.52,-1.65,2015,Dion Waiters, SG
395.0,"Chase Budinger, SF",MIN,67.0,19.2,-1.81,-1.74,-3.55,-0.97,2015,Chase Budinger, SF
397.0,"Jeff Green, SF",BOS/MEM,78.0,31.5,-1.51,-2.05,-3.56,-1.85,2015,Jeff Green, SF
398.0,"Jarrett Jack, PG",BKN,80.0,28.0,-2.06,-1.59,-3.65,-1.76,2015,Jarrett Jack, PG
402.0,"Dennis Schroder, PG",ATL,77.0,19.7,-0.78,-2.93,-3.71,-1.23,2015,Dennis Schroder, PG
403.0,"Jason Maxiell, PF",CHA,61.0,14.4,-3.73,0.01,-3.72,-0.75,2015,Jason Maxiell, PF
409.0,"Carl Landry, PF",SAC,70.0,17.0,-2.99,-0.8,-3.79,-1.07,2015,Carl Landry, PF
410.0,"Chris Kaman, C",POR,74.0,18.9,-2.56,-1.25,-3.81,-1.26,2015,Chris Kaman, C
412.0,"Tim Hardaway Jr., SG",NY,70.0,24.0,-0.42,-3.39,-3.81,-1.48,2015,Tim Hardaway Jr., SG
415.0,"Henry Sims, C",PHI,73.0,19.2,-4.18,0.28,-3.9,-1.37,2015,Henry Sims, C
416.0,"Kendrick Perkins, C",CLE/OKC,68.0,16.9,-4.97,1.06,-3.91,-1.12,2015,Kendrick Perkins, C
417.0,"Kevin Seraphin, C",WSH,79.0,15.6,-3.68,-0.28,-3.96,-1.16,2015,Kevin Seraphin, C
419.0,"Matt Bonner, C",SA,72.0,13.0,-1.45,-2.52,-3.97,-0.94,2015,Matt Bonner, C
421.0,"D.J. Augustin, PG",DET/OKC,82.0,24.0,-0.76,-3.24,-4.0,-1.99,2015,D.J. Augustin, PG
424.0,"Austin Rivers, PG",NO/LAC,76.0,20.6,-2.44,-1.61,-4.05,-1.64,2015,Austin Rivers, PG
425.0,"Bojan Bogdanovic, SG",BKN,78.0,23.8,-0.16,-3.93,-4.09,-1.91,2015,Bojan Bogdanovic, SG
426.0,"Carlos Boozer, PF",LAL,71.0,23.8,-1.74,-2.36,-4.1,-1.82,2015,Carlos Boozer, PF
430.0,"Kirk Hinrich, SG",CHI,66.0,24.4,-2.37,-1.83,-4.2,-1.84,2015,Kirk Hinrich, SG
433.0,"Shane Larkin, PG",NY,76.0,24.5,-2.54,-1.79,-4.33,-2.19,2015,Shane Larkin, PG
434.0,"Nik Stauskas, SG",SAC,73.0,15.4,-1.88,-2.45,-4.33,-1.41,2015,Nik Stauskas, SG
437.0,"Jordan Hill, C",LAL,70.0,26.8,-2.95,-1.42,-4.37,-2.34,2015,Jordan Hill, C
439.0,"K.J. McDaniels, SG",HOU/PHI,62.0,21.8,-3.88,-0.5,-4.38,-1.74,2015,K.J. McDaniels, SG
440.0,"Tayshaun Prince, SF",BOS/DET/MEM,58.0,24.1,-2.31,-2.1,-4.41,-1.74,2015,Tayshaun Prince, SF
442.0,"Udonis Haslem, PF",MIA,62.0,16.0,-4.12,-0.31,-4.43,-1.25,2015,Udonis Haslem, PF
443.0,"Ray McCallum, PG",SAC,68.0,21.1,-1.48,-2.95,-4.43,-1.88,2015,Ray McCallum, PG
445.0,"JJ Hickson, C",DEN,73.0,19.3,-3.47,-1.13,-4.6,-2.03,2015,JJ Hickson, C
448.0,"Lance Thomas, SF",NY/OKC,62.0,24.0,-3.07,-1.64,-4.71,-2.14,2015,Lance Thomas, SF
451.0,"Jason Smith, PF",NY,82.0,21.8,-1.41,-3.37,-4.78,-2.63,2015,Jason Smith, PF
452.0,"Lance Stephenson, SG",CHA,61.0,25.8,-4.6,-0.22,-4.82,-2.4,2015,Lance Stephenson, SG
460.0,"JaKarr Sampson, SG",PHI,74.0,15.3,-3.09,-2.29,-5.38,-2.23,2015,JaKarr Sampson, SG
461.0,"Derrick Williams, PF",SAC,74.0,19.8,-0.89,-4.59,-5.48,-2.9,2015,Derrick Williams, PF
471.0,"Zach LaVine, PG",MIN,77.0,24.7,-2.53,-4.34,-6.87,-5.34,2015,Zach LaVine, PG
1.0,"LeBron James, SF",CLE,76.0,35.6,6.49,3.3,9.79,21.55,2016,LeBron James, SF
2.0,"Draymond Green, PF",GS,81.0,34.7,3.93,5.04,8.97,22.66,2016,Draymond Green, PF
3.0,"Chris Paul, PG",LAC,74.0,32.7,6.15,2.44,8.59,18.12,2016,Chris Paul, PG
4.0,"Stephen Curry, PG",GS,79.0,34.2,7.65,0.86,8.51,21.1,2016,Stephen Curry, PG
5.0,"Kawhi Leonard, SF",SA,72.0,33.1,4.19,3.88,8.07,16.74,2016,Kawhi Leonard, SF
6.0,"Russell Westbrook, PG",OKC,80.0,34.4,7.25,0.6,7.85,19.53,2016,Russell Westbrook, PG
7.0,"Kyle Lowry, PG",TOR,77.0,37.0,5.12,1.7,6.82,17.34,2016,Kyle Lowry, PG
8.0,"Kevin Durant, SF",OKC,72.0,35.8,5.51,0.97,6.48,16.0,2016,Kevin Durant, SF
9.0,"Nikola Jokic, C",DEN,80.0,21.7,2.42,3.61,6.03,9.88,2016,Nikola Jokic, C
10.0,"Kevin Love, PF",CLE,77.0,31.5,3.17,2.14,5.31,12.52,2016,Kevin Love, PF
11.0,"Paul Millsap, PF",ATL,81.0,32.7,1.98,3.26,5.24,14.05,2016,Paul Millsap, PF
12.0,"Tim Duncan, C",SA,61.0,25.2,-0.48,5.43,4.95,7.69,2016,Tim Duncan, C
13.0,"Paul George, SF",IND,81.0,34.8,3.35,1.58,4.93,14.66,2016,Paul George, SF
14.0,"DeMarcus Cousins, C",SAC,65.0,34.6,1.58,3.25,4.83,12.03,2016,DeMarcus Cousins, C
15.0,"DeAndre Jordan, C",LAC,77.0,33.7,0.35,4.07,4.42,12.47,2016,DeAndre Jordan, C
16.0,"James Harden, SG",HOU,82.0,38.1,5.37,-0.98,4.39,15.07,2016,James Harden, SG
17.0,"Ricky Rubio, PG",MIN,76.0,30.6,2.25,1.89,4.14,10.72,2016,Ricky Rubio, PG
18.0,"Jimmy Butler, SG",CHI,67.0,36.9,3.12,0.89,4.01,11.06,2016,Jimmy Butler, SG
19.0,"Manu Ginobili, SG",SA,58.0,19.6,2.0,1.91,3.91,5.12,2016,Manu Ginobili, SG
20.0,"Khris Middleton, SG",MIL,79.0,36.1,3.13,0.63,3.76,12.27,2016,Khris Middleton, SG
21.0,"Cole Aldrich, C",LAC,60.0,13.3,-0.72,4.46,3.74,3.42,2016,Cole Aldrich, C
22.0,"Pau Gasol, C",CHI,72.0,31.8,0.65,3.07,3.72,9.96,2016,Pau Gasol, C
23.0,"Channing Frye, PF",CLE/ORL,70.0,17.1,1.43,2.25,3.68,5.01,2016,Channing Frye, PF
24.0,"Danny Green, SG",SA,79.0,26.1,0.32,2.93,3.25,8.18,2016,Danny Green, SG
25.0,"Andrew Bogut, C",GS,70.0,20.7,-2.24,5.45,3.21,6.03,2016,Andrew Bogut, C
26.0,"Jae Crowder, SF",BOS,73.0,31.6,1.21,1.79,3.0,9.28,2016,Jae Crowder, SF
27.0,"Al Horford, C",ATL,82.0,32.1,0.89,2.08,2.97,10.09,2016,Al Horford, C
28.0,"Andre Drummond, C",DET,81.0,32.9,-0.19,3.16,2.97,10.2,2016,Andre Drummond, C
29.0,"Amir Johnson, PF",BOS,79.0,22.8,0.12,2.83,2.95,7.11,2016,Amir Johnson, PF
30.0,"Gordon Hayward, SF",UTAH,80.0,36.2,2.92,-0.02,2.9,10.5,2016,Gordon Hayward, SF
32.0,"Kelly Olynyk, C",BOS,69.0,20.2,0.69,2.13,2.82,5.44,2016,Kelly Olynyk, C
33.0,"Jared Sullinger, C",BOS,81.0,23.6,0.27,2.48,2.75,7.29,2016,Jared Sullinger, C
34.0,"John Wall, PG",WSH,77.0,36.2,2.6,0.12,2.72,10.62,2016,John Wall, PG
35.0,"Dirk Nowitzki, PF",DAL,75.0,31.5,2.14,0.56,2.7,8.36,2016,Dirk Nowitzki, PF
36.0,"Marvin Williams, PF",CHA,81.0,28.9,2.08,0.59,2.67,8.51,2016,Marvin Williams, PF
37.0,"Brook Lopez, C",BKN,73.0,33.7,0.47,2.18,2.65,9.0,2016,Brook Lopez, C
38.0,"Ed Davis, PF",POR,81.0,20.8,-0.02,2.62,2.6,6.05,2016,Ed Davis, PF
40.0,"Victor Oladipo, SG",ORL,72.0,33.0,1.8,0.79,2.59,8.65,2016,Victor Oladipo, SG
41.0,"Kemba Walker, PG",CHA,81.0,35.6,2.93,-0.35,2.58,10.38,2016,Kemba Walker, PG
42.0,"Gorgui Dieng, C",MIN,82.0,27.1,0.03,2.54,2.57,7.98,2016,Gorgui Dieng, C
43.0,"Kristaps Porzingis, PF",NY,72.0,28.4,0.24,2.26,2.5,7.09,2016,Kristaps Porzingis, PF
44.0,"Mason Plumlee, C",POR,82.0,25.4,0.32,2.11,2.43,7.45,2016,Mason Plumlee, C
45.0,"Patrick Beverley, PG",HOU,71.0,28.7,1.37,1.01,2.38,7.15,2016,Patrick Beverley, PG
47.0,"Steven Adams, C",OKC,80.0,25.2,-0.42,2.77,2.35,7.05,2016,Steven Adams, C
48.0,"Rudy Gobert, C",UTAH,61.0,31.7,-1.55,3.89,2.34,6.29,2016,Rudy Gobert, C
50.0,"C.J. McCollum, SG",POR,80.0,34.8,2.2,0.05,2.25,9.54,2016,C.J. McCollum, SG
51.0,"Carmelo Anthony, SF",NY,72.0,35.1,2.97,-0.73,2.24,8.4,2016,Carmelo Anthony, SF
52.0,"David West, PF",SA,78.0,18.0,-0.69,2.9,2.21,4.67,2016,David West, PF
53.0,"LaMarcus Aldridge, PF",SA,74.0,30.6,0.66,1.49,2.15,7.46,2016,LaMarcus Aldridge, PF
54.0,"Goran Dragic, PG",MIA,72.0,32.8,1.42,0.7,2.12,7.73,2016,Goran Dragic, PG
57.0,"Clint Capela, C",HOU,77.0,19.1,-0.68,2.74,2.06,4.92,2016,Clint Capela, C
58.0,"Ian Mahinmi, C",IND,71.0,25.6,-2.33,4.37,2.04,6.09,2016,Ian Mahinmi, C
59.0,"Patrick Patterson, PF",TOR,79.0,25.6,2.19,-0.16,2.03,6.24,2016,Patrick Patterson, PF
60.0,"Cody Zeller, PF",CHA,73.0,24.3,-0.31,2.26,1.95,5.69,2016,Cody Zeller, PF
61.0,"Anthony Davis, PF",NO,61.0,35.5,0.1,1.82,1.92,7.03,2016,Anthony Davis, PF
62.0,"Luol Deng, SF",MIA,74.0,32.4,1.2,0.69,1.89,7.52,2016,Luol Deng, SF
63.0,"Jared Dudley, SF",WSH,81.0,25.9,1.09,0.78,1.87,6.82,2016,Jared Dudley, SF
64.0,"Marcin Gortat, C",WSH,75.0,30.1,-0.83,2.65,1.82,7.26,2016,Marcin Gortat, C
65.0,"Klay Thompson, SG",GS,80.0,33.3,2.38,-0.61,1.77,8.7,2016,Klay Thompson, SG
66.0,"Al-Farouq Aminu, SF",POR,82.0,28.5,0.11,1.62,1.73,7.34,2016,Al-Farouq Aminu, SF
69.0,"Kyle Korver, SG",ATL,80.0,30.0,-0.13,1.82,1.69,7.31,2016,Kyle Korver, SG
70.0,"Andre Iguodala, SF",GS,65.0,26.6,1.08,0.61,1.69,5.44,2016,Andre Iguodala, SF
71.0,"Derrick Favors, PF",UTAH,62.0,32.0,-0.13,1.8,1.67,5.71,2016,Derrick Favors, PF
72.0,"Patty Mills, PG",SA,81.0,20.5,2.01,-0.36,1.65,5.05,2016,Patty Mills, PG
73.0,"Jrue Holiday, PG",NO,65.0,28.2,2.57,-0.94,1.63,5.62,2016,Jrue Holiday, PG
74.0,"Nikola Mirotic, PF",CHI,66.0,24.9,0.88,0.73,1.61,4.99,2016,Nikola Mirotic, PF
75.0,"Robert Covington, SF",PHI,67.0,28.4,-0.49,2.09,1.6,5.84,2016,Robert Covington, SF
76.0,"Zaza Pachulia, C",DAL,76.0,26.4,-1.04,2.59,1.55,5.68,2016,Zaza Pachulia, C
77.0,"Trevor Booker, PF",UTAH,79.0,20.7,-0.82,2.37,1.55,4.59,2016,Trevor Booker, PF
78.0,"Otto Porter Jr., SF",WSH,75.0,30.3,0.34,1.17,1.51,6.91,2016,Otto Porter Jr., SF
79.0,"Reggie Jackson, PG",DET,79.0,30.7,3.27,-1.82,1.45,7.0,2016,Reggie Jackson, PG
81.0,"Hassan Whiteside, C",MIA,73.0,29.1,-1.51,2.94,1.43,5.96,2016,Hassan Whiteside, C
83.0,"Tristan Thompson, C",CLE,82.0,27.7,0.13,1.24,1.37,6.3,2016,Tristan Thompson, C
84.0,"Kentavious Caldwell-Pope, SG",DET,76.0,36.7,0.85,0.52,1.37,7.88,2016,Kentavious Caldwell-Pope, SG
85.0,"Marcus Morris, PF",DET,80.0,35.7,0.85,0.51,1.36,8.05,2016,Marcus Morris, PF
86.0,"J.R. Smith, SG",CLE,77.0,30.7,2.56,-1.22,1.34,6.49,2016,J.R. Smith, SG
87.0,"Damian Lillard, PG",POR,75.0,35.7,4.47,-3.16,1.31,7.65,2016,Damian Lillard, PG
88.0,"Mike Scott, PF",ATL,75.0,15.3,0.32,0.99,1.31,3.18,2016,Mike Scott, PF
91.0,"Isaiah Thomas, PG",BOS,82.0,32.2,3.13,-1.89,1.24,7.58,2016,Isaiah Thomas, PG
92.0,"Rodney Hood, SG",UTAH,79.0,32.2,2.21,-0.98,1.23,6.51,2016,Rodney Hood, SG
93.0,"Nicolas Batum, SG",CHA,70.0,35.0,1.51,-0.29,1.22,6.75,2016,Nicolas Batum, SG
97.0,"Taj Gibson, PF",CHI,73.0,26.5,-0.45,1.56,1.11,5.11,2016,Taj Gibson, PF
98.0,"Giannis Antetokounmpo, SF",MIL,80.0,35.3,0.84,0.27,1.11,7.46,2016,Giannis Antetokounmpo, SF
99.0,"Jeremy Lamb, SG",CHA,66.0,18.6,-0.87,1.87,1.0,3.19,2016,Jeremy Lamb, SG
100.0,"George Hill, PG",IND,74.0,34.1,0.63,0.34,0.97,6.58,2016,George Hill, PG
101.0,"Omri Casspi, SF",SAC,69.0,27.2,0.34,0.62,0.96,5.12,2016,Omri Casspi, SF
102.0,"Wesley Johnson, SF",LAC,80.0,20.8,-1.12,2.05,0.93,4.34,2016,Wesley Johnson, SF
103.0,"Serge Ibaka, PF",OKC,78.0,32.1,0.03,0.86,0.89,6.48,2016,Serge Ibaka, PF
104.0,"Tony Allen, SG",MEM,64.0,25.3,-1.4,2.21,0.81,3.88,2016,Tony Allen, SG
105.0,"Karl-Anthony Towns, C",MIN,82.0,32.0,1.03,-0.22,0.81,6.56,2016,Karl-Anthony Towns, C
106.0,"Thaddeus Young, PF",BKN,73.0,33.0,-0.48,1.24,0.76,5.93,2016,Thaddeus Young, PF
107.0,"Nikola Vucevic, C",ORL,65.0,31.3,-0.19,0.95,0.76,4.99,2016,Nikola Vucevic, C
108.0,"Greg Monroe, C",MIL,79.0,29.3,0.53,0.18,0.71,5.53,2016,Greg Monroe, C
109.0,"Matthew Dellavedova, PG",CLE,76.0,24.6,1.39,-0.71,0.68,4.36,2016,Matthew Dellavedova, PG
110.0,"Darrell Arthur, PF",DEN,70.0,21.7,-0.73,1.39,0.66,3.62,2016,Darrell Arthur, PF
112.0,"Aaron Gordon, PF",ORL,78.0,23.9,0.4,0.23,0.63,4.48,2016,Aaron Gordon, PF
113.0,"Tobias Harris, SF",DET/ORL,76.0,33.1,-0.25,0.86,0.61,5.88,2016,Tobias Harris, SF
114.0,"Kyle Anderson, SF",SA,78.0,16.0,-1.36,1.97,0.61,2.86,2016,Kyle Anderson, SF
115.0,"Wesley Matthews, SG",DAL,78.0,33.9,1.95,-1.35,0.6,5.97,2016,Wesley Matthews, SG
116.0,"Monta Ellis, SG",IND,81.0,33.8,0.14,0.44,0.58,6.54,2016,Monta Ellis, SG
117.0,"Trevor Ariza, SF",HOU,81.0,35.3,1.22,-0.65,0.57,6.72,2016,Trevor Ariza, SF
118.0,"Dennis Schroder, PG",ATL,80.0,20.3,0.88,-0.31,0.57,3.7,2016,Dennis Schroder, PG
119.0,"Joe Johnson, SF",MIA/BKN,81.0,33.4,0.8,-0.24,0.56,6.29,2016,Joe Johnson, SF
122.0,"Chandler Parsons, SF",DAL,61.0,29.5,0.71,-0.23,0.48,3.94,2016,Chandler Parsons, SF
123.0,"Brandon Bass, PF",LAL,66.0,20.3,-0.15,0.5,0.35,2.96,2016,Brandon Bass, PF
124.0,"Shaun Livingston, PG",GS,78.0,19.5,-0.19,0.52,0.33,3.31,2016,Shaun Livingston, PG
125.0,"JJ Redick, SG",LAC,75.0,28.0,1.9,-1.59,0.31,4.59,2016,JJ Redick, SG
126.0,"Rajon Rondo, PG",SAC,72.0,35.2,0.89,-0.59,0.3,5.83,2016,Rajon Rondo, PG
127.0,"Deron Williams, PG",DAL,65.0,32.4,0.18,0.11,0.29,4.37,2016,Deron Williams, PG
128.0,"Ronnie Price, PG",PHX,62.0,19.5,-1.41,1.64,0.23,2.63,2016,Ronnie Price, PG
129.0,"Jose Calderon, PG",NY,72.0,28.1,0.62,-0.4,0.22,4.18,2016,Jose Calderon, PG
132.0,"Rudy Gay, SF",SAC,70.0,34.0,-0.19,0.36,0.17,5.21,2016,Rudy Gay, SF
133.0,"Jonas Valanciunas, C",TOR,60.0,26.0,-0.49,0.64,0.15,3.15,2016,Jonas Valanciunas, C
134.0,"Nemanja Bjelica, PF",MIN,60.0,17.9,0.06,0.08,0.14,2.24,2016,Nemanja Bjelica, PF
135.0,"Solomon Hill, SF",IND,59.0,14.7,-0.25,0.39,0.14,1.8,2016,Solomon Hill, SF
136.0,"P.J. Tucker, SF",PHX,82.0,31.0,-0.4,0.5,0.1,5.34,2016,P.J. Tucker, SF
138.0,"Dwight Powell, PF",DAL,69.0,14.4,-2.12,2.22,0.1,2.03,2016,Dwight Powell, PF
140.0,"Avery Bradley, PG",BOS,76.0,33.4,1.32,-1.24,0.08,5.31,2016,Avery Bradley, PG
141.0,"Boris Diaw, C",SA,76.0,18.2,-0.57,0.64,0.07,2.83,2016,Boris Diaw, C
142.0,"Andre Roberson, SG",OKC,70.0,22.2,-1.48,1.55,0.07,3.16,2016,Andre Roberson, SG
145.0,"Bismack Biyombo, C",TOR,82.0,22.0,-2.97,3.02,0.05,3.46,2016,Bismack Biyombo, C
147.0,"Robin Lopez, C",NY,82.0,27.1,-0.95,0.97,0.02,4.3,2016,Robin Lopez, C
149.0,"Ryan Anderson, PF",NO,66.0,30.4,1.59,-1.59,0.0,4.05,2016,Ryan Anderson, PF
152.0,"Marcus Smart, PG",BOS,61.0,27.3,-0.73,0.72,-0.01,3.45,2016,Marcus Smart, PG
154.0,"Dwight Howard, C",HOU,71.0,32.1,-1.66,1.62,-0.04,4.43,2016,Dwight Howard, C
155.0,"Lavoy Allen, PF",IND,79.0,20.2,-1.2,1.15,-0.05,3.07,2016,Lavoy Allen, PF
156.0,"Kyle O'Quinn, PF",NY,65.0,11.8,-1.22,1.14,-0.08,1.45,2016,Kyle O'Quinn, PF
159.0,"DeMar DeRozan, SG",TOR,78.0,35.9,2.33,-2.47,-0.14,5.15,2016,DeMar DeRozan, SG
160.0,"Kenneth Faried, PF",DEN,67.0,25.3,0.74,-0.91,-0.17,3.16,2016,Kenneth Faried, PF
161.0,"Jon Leuer, PF",PHX,67.0,18.7,-1.14,0.97,-0.17,2.45,2016,Jon Leuer, PF
163.0,"Jordan Hill, C",IND,73.0,20.7,-1.22,1.03,-0.19,2.77,2016,Jordan Hill, C
167.0,"Enes Kanter, C",OKC,82.0,21.0,1.27,-1.5,-0.23,3.15,2016,Enes Kanter, C
169.0,"Larry Nance Jr., PF",LAL,63.0,20.1,-1.69,1.37,-0.32,2.24,2016,Larry Nance Jr., PF
170.0,"Dewayne Dedmon, C",ORL,58.0,12.2,-2.08,1.76,-0.32,1.26,2016,Dewayne Dedmon, C
171.0,"Jonas Jerebko, PF",BOS,78.0,15.1,-1.34,1.0,-0.34,2.13,2016,Jonas Jerebko, PF
172.0,"Thabo Sefolosha, SF",ATL,75.0,23.4,-1.97,1.62,-0.35,3.07,2016,Thabo Sefolosha, SF
174.0,"Garrett Temple, SG",WSH,80.0,24.4,-1.24,0.89,-0.35,3.54,2016,Garrett Temple, SG
178.0,"Tony Parker, PG",SA,72.0,27.5,0.37,-0.77,-0.4,3.37,2016,Tony Parker, PG
180.0,"Anthony Tolliver, PF",DET,72.0,18.6,0.0,-0.41,-0.41,2.25,2016,Anthony Tolliver, PF
181.0,"Courtney Lee, SG",MEM/CHA,79.0,29.5,-0.31,-0.13,-0.44,3.91,2016,Courtney Lee, SG
183.0,"Mirza Teletovic, PF",PHX,79.0,21.3,2.05,-2.52,-0.47,2.94,2016,Mirza Teletovic, PF
185.0,"Tyson Chandler, C",PHX,66.0,24.5,-2.69,2.18,-0.51,2.72,2016,Tyson Chandler, C
187.0,"Langston Galloway, SG",NY,82.0,24.8,-1.09,0.56,-0.53,3.26,2016,Langston Galloway, SG
188.0,"Markieff Morris, PF",PHX/WSH,64.0,25.5,-1.47,0.9,-0.57,2.71,2016,Markieff Morris, PF
190.0,"Sasha Vujacic, SG",NY,61.0,14.9,-0.71,0.08,-0.63,1.43,2016,Sasha Vujacic, SG
192.0,"Jeff Teague, PG",ATL,79.0,28.5,1.12,-1.81,-0.69,3.53,2016,Jeff Teague, PG
193.0,"Joe Ingles, SF",UTAH,81.0,15.3,-0.58,-0.11,-0.69,1.82,2016,Joe Ingles, SF
198.0,"Darren Collison, PG",SAC,74.0,30.0,1.77,-2.51,-0.74,3.48,2016,Darren Collison, PG
200.0,"Cory Joseph, PG",TOR,80.0,25.6,-0.68,-0.09,-0.77,2.91,2016,Cory Joseph, PG
202.0,"Mario Chalmers, PG",MIA/MEM,61.0,22.5,0.18,-0.96,-0.78,1.8,2016,Mario Chalmers, PG
205.0,"Tony Snell, SF",CHI,64.0,20.3,-2.66,1.86,-0.8,1.9,2016,Tony Snell, SF
206.0,"Jeremy Lin, PG",CHA,78.0,26.3,-0.65,-0.18,-0.83,2.95,2016,Jeremy Lin, PG
207.0,"Luc Richard Mbah a Moute, PF",LAC,75.0,17.0,-2.57,1.72,-0.85,1.83,2016,Luc Richard Mbah a Moute, PF
210.0,"Mike Muscala, PF",ATL,60.0,9.4,-1.44,0.57,-0.87,0.81,2016,Mike Muscala, PF
212.0,"Justise Winslow, SF",MIA,78.0,28.6,-1.86,0.96,-0.9,3.1,2016,Justise Winslow, SF
216.0,"Elfrid Payton, PG",ORL,73.0,29.4,-0.62,-0.3,-0.92,3.03,2016,Elfrid Payton, PG
218.0,"Pablo Prigioni, PG",LAC,59.0,13.9,-1.28,0.35,-0.93,1.12,2016,Pablo Prigioni, PG
220.0,"E'Twaun Moore, SG",CHI,59.0,21.4,-0.51,-0.44,-0.95,1.75,2016,E'Twaun Moore, SG
221.0,"Vince Carter, SG",MEM,60.0,16.8,-0.28,-0.71,-0.99,1.36,2016,Vince Carter, SG
222.0,"Zach Randolph, PF",MEM,68.0,29.6,0.22,-1.21,-0.99,2.63,2016,Zach Randolph, PF
223.0,"Aron Baynes, C",DET,81.0,15.2,-1.16,0.17,-0.99,1.65,2016,Aron Baynes, C
224.0,"Maurice Harkless, SF",POR,78.0,18.7,-0.98,-0.02,-1.0,2.0,2016,Maurice Harkless, SF
226.0,"Evan Fournier, SG",ORL,79.0,32.5,1.51,-2.53,-1.02,3.41,2016,Evan Fournier, SG
229.0,"Dwyane Wade, SG",MIA,74.0,30.5,0.7,-1.78,-1.08,2.87,2016,Dwyane Wade, SG
230.0,"Meyers Leonard, PF",POR,61.0,21.9,0.18,-1.26,-1.08,1.71,2016,Meyers Leonard, PF
231.0,"Ish Smith, PG",NO/PHI,77.0,29.1,0.32,-1.42,-1.1,2.95,2016,Ish Smith, PG
235.0,"Marcus Thornton, SF",HOU/WSH,61.0,18.2,-0.6,-0.52,-1.12,1.46,2016,Marcus Thornton, SF
237.0,"Alexis Ajinca, C",NO,59.0,14.6,-2.97,1.84,-1.13,1.1,2016,Alexis Ajinca, C
239.0,"Andrew Wiggins, SG",MIN,81.0,35.1,0.67,-1.84,-1.17,3.54,2016,Andrew Wiggins, SG
241.0,"Nerlens Noel, PF",PHI,67.0,29.3,-3.48,2.29,-1.19,2.45,2016,Nerlens Noel, PF
242.0,"Jason Smith, PF",ORL,76.0,15.5,-1.74,0.53,-1.21,1.44,2016,Jason Smith, PF
244.0,"Marreese Speights, C",GS,72.0,11.6,-0.95,-0.29,-1.24,1.01,2016,Marreese Speights, C
246.0,"Luis Scola, PF",TOR,76.0,21.5,-1.27,-0.01,-1.28,1.89,2016,Luis Scola, PF
247.0,"Harrison Barnes, SF",GS,66.0,30.9,-0.17,-1.11,-1.28,2.47,2016,Harrison Barnes, SF
253.0,"Kent Bazemore, SF",ATL,75.0,27.8,-1.49,0.15,-1.34,2.37,2016,Kent Bazemore, SF
255.0,"Nick Collison, PF",OKC,59.0,11.8,-2.72,1.37,-1.35,0.78,2016,Nick Collison, PF
259.0,"Matt Barnes, SF",MEM,76.0,28.8,-0.45,-0.94,-1.39,2.36,2016,Matt Barnes, SF
262.0,"Frank Kaminsky III, C",CHA,81.0,21.1,-1.21,-0.23,-1.44,1.82,2016,Frank Kaminsky III, C
267.0,"Jeff Green, SF",LAC/MEM,80.0,28.2,-0.44,-1.06,-1.5,2.24,2016,Jeff Green, SF
269.0,"T.J. McConnell, PG",PHI,81.0,19.8,-0.45,-1.05,-1.5,1.67,2016,T.J. McConnell, PG
271.0,"Corey Brewer, SF",HOU,82.0,20.4,-1.67,0.14,-1.53,1.73,2016,Corey Brewer, SF
274.0,"C.J. Miles, SF",IND,64.0,22.9,0.12,-1.68,-1.56,1.51,2016,C.J. Miles, SF
275.0,"Randy Foye, SG",DEN/OKC,81.0,20.3,-2.04,0.47,-1.57,1.61,2016,Randy Foye, SG
277.0,"Donald Sloan, PG",BKN,61.0,21.6,0.11,-1.69,-1.58,1.3,2016,Donald Sloan, PG
278.0,"Rodney Stuckey, PG",IND,58.0,22.0,-1.26,-0.35,-1.61,1.22,2016,Rodney Stuckey, PG
280.0,"Evan Turner, SG",BOS,81.0,28.0,-1.84,0.23,-1.61,2.25,2016,Evan Turner, SG
281.0,"Leandro Barbosa, SG",GS,68.0,15.9,-0.5,-1.13,-1.63,1.06,2016,Leandro Barbosa, SG
283.0,"Devin Harris, PG",DAL,64.0,20.0,-1.52,-0.12,-1.64,1.2,2016,Devin Harris, PG
284.0,"Gary Harris, SG",DEN,76.0,32.1,0.4,-2.04,-1.64,2.29,2016,Gary Harris, SG
287.0,"Gerald Green, SF",MIA,69.0,22.6,-0.8,-0.86,-1.66,1.41,2016,Gerald Green, SF
289.0,"Ramon Sessions, PG",WSH,82.0,20.3,-0.08,-1.63,-1.71,1.53,2016,Ramon Sessions, PG
290.0,"Will Barton, SF",DEN,82.0,28.7,0.02,-1.73,-1.71,2.08,2016,Will Barton, SF
291.0,"Raymond Felton, PG",DAL,80.0,27.4,-0.59,-1.13,-1.72,1.9,2016,Raymond Felton, PG
292.0,"Chase Budinger, SF",IND/PHX,66.0,14.1,-1.45,-0.27,-1.72,0.85,2016,Chase Budinger, SF
293.0,"D.J. Augustin, PG",DEN/OKC,62.0,19.0,-0.04,-1.71,-1.75,1.01,2016,D.J. Augustin, PG
295.0,"Alex Len, C",PHX,78.0,23.3,-3.37,1.6,-1.77,1.6,2016,Alex Len, C
297.0,"Omer Asik, C",NO,68.0,17.3,-3.55,1.76,-1.79,1.01,2016,Omer Asik, C
298.0,"Louis Williams, SG",LAL,67.0,28.5,1.21,-3.01,-1.8,1.63,2016,Louis Williams, SG
299.0,"Terrence Ross, SF",TOR,73.0,23.9,-0.39,-1.41,-1.8,1.41,2016,Terrence Ross, SF
304.0,"Lance Thomas, SF",NY,59.0,22.3,-0.66,-1.16,-1.82,1.05,2016,Lance Thomas, SF
306.0,"Kosta Koufos, C",SAC,78.0,19.0,-1.51,-0.34,-1.85,1.24,2016,Kosta Koufos, C
307.0,"Dion Waiters, SG",OKC,78.0,27.6,-0.21,-1.64,-1.85,1.75,2016,Dion Waiters, SG
312.0,"Willie Cauley-Stein, C",SAC,66.0,21.4,-0.93,-0.95,-1.88,1.15,2016,Willie Cauley-Stein, C
315.0,"Jerami Grant, SF",PHI,77.0,26.8,-1.92,0.01,-1.91,1.63,2016,Jerami Grant, SF
322.0,"Ben McLemore, SG",SAC,68.0,21.2,-1.51,-0.51,-2.02,1.08,2016,Ben McLemore, SG
323.0,"JaMychal Green, PF",MEM,78.0,18.5,-1.24,-0.79,-2.03,1.0,2016,JaMychal Green, PF
324.0,"Raul Neto, PG",UTAH,81.0,18.5,-1.51,-0.52,-2.03,0.99,2016,Raul Neto, PG
334.0,"Alonzo Gee, SG",NO,73.0,22.4,-2.89,0.76,-2.13,1.06,2016,Alonzo Gee, SG
336.0,"Charlie Villanueva, PF",DAL,62.0,10.7,-2.08,-0.07,-2.15,0.42,2016,Charlie Villanueva, PF
344.0,"Quincy Acy, SF",SAC,59.0,14.8,-1.27,-0.99,-2.26,0.5,2016,Quincy Acy, SF
345.0,"Ersan Ilyasova, PF",DET/ORL,74.0,25.4,-1.42,-0.85,-2.27,1.02,2016,Ersan Ilyasova, PF
347.0,"Aaron Brooks, PG",CHI,69.0,16.1,-0.3,-1.99,-2.29,0.58,2016,Aaron Brooks, PG
349.0,"Jamal Crawford, SG",LAC,79.0,26.9,0.41,-2.72,-2.31,1.1,2016,Jamal Crawford, SG
350.0,"Joffrey Lauvergne, C",DEN,59.0,17.6,-0.99,-1.32,-2.31,0.53,2016,Joffrey Lauvergne, C
351.0,"Richard Jefferson, SF",CLE,74.0,17.9,-1.44,-0.88,-2.32,0.66,2016,Richard Jefferson, SF
357.0,"Trey Lyles, PF",UTAH,80.0,17.3,-2.1,-0.28,-2.38,0.62,2016,Trey Lyles, PF
358.0,"Allen Crabbe, SG",POR,81.0,26.0,0.18,-2.58,-2.4,0.97,2016,Allen Crabbe, SG
360.0,"Jordan Clarkson, PG",LAL,79.0,32.3,0.14,-2.56,-2.42,1.16,2016,Jordan Clarkson, PG
368.0,"Kobe Bryant, SF",LAL,66.0,28.2,0.6,-3.18,-2.58,0.66,2016,Kobe Bryant, SF
369.0,"Paul Pierce, SF",LAC,68.0,18.1,-1.92,-0.66,-2.58,0.42,2016,Paul Pierce, SF
370.0,"Anthony Morrow, SG",OKC,68.0,13.6,0.46,-3.05,-2.59,0.32,2016,Anthony Morrow, SG
374.0,"Tyler Zeller, C",BOS,60.0,11.8,-2.71,0.02,-2.69,0.21,2016,Tyler Zeller, C
375.0,"Kyle Singler, SF",OKC,68.0,14.4,-2.68,-0.02,-2.7,0.27,2016,Kyle Singler, SF
376.0,"Stanley Johnson, SF",DET,73.0,23.1,-1.92,-0.78,-2.7,0.45,2016,Stanley Johnson, SF
377.0,"Miles Plumlee, C",MIL,61.0,14.3,-2.22,-0.52,-2.74,0.21,2016,Miles Plumlee, C
380.0,"Lance Stephenson, SG",LAC/MEM,69.0,19.9,-1.21,-1.6,-2.81,0.27,2016,Lance Stephenson, SG
381.0,"Hollis Thompson, SG",PHI,77.0,28.0,-0.22,-2.6,-2.82,0.42,2016,Hollis Thompson, SG
383.0,"Roy Hibbert, C",LAL,81.0,23.2,-3.9,1.05,-2.85,0.33,2016,Roy Hibbert, C
384.0,"Shane Larkin, PG",BKN,78.0,22.4,-0.9,-1.97,-2.87,0.28,2016,Shane Larkin, PG
386.0,"Ian Clark, SG",GS,66.0,8.8,-0.15,-2.85,-3.0,0.04,2016,Ian Clark, SG
387.0,"Noah Vonleh, PF",POR,78.0,15.1,-3.52,0.44,-3.08,0.03,2016,Noah Vonleh, PF
390.0,"Dante Cunningham, PF",NO,80.0,24.6,-1.21,-1.92,-3.13,-0.01,2016,Dante Cunningham, PF
391.0,"Trey Burke, PG",UTAH,64.0,21.3,-0.24,-2.89,-3.13,0.0,2016,Trey Burke, PG
393.0,"Jason Terry, SG",HOU,72.0,17.5,-0.33,-2.81,-3.14,-0.01,2016,Jason Terry, SG
395.0,"Derrick Williams, PF",NY,80.0,17.9,-0.89,-2.3,-3.19,-0.06,2016,Derrick Williams, PF
396.0,"Mario Hezonja, SG",ORL,79.0,17.9,-1.59,-1.6,-3.19,-0.06,2016,Mario Hezonja, SG
397.0,"Jabari Parker, PF",MIL,76.0,31.7,-1.19,-2.0,-3.19,-0.1,2016,Jabari Parker, PF
398.0,"Gerald Henderson, SG",POR,72.0,19.9,-1.64,-1.57,-3.21,-0.08,2016,Gerald Henderson, SG
401.0,"Arron Afflalo, SG",NY,71.0,33.4,-0.67,-2.58,-3.25,-0.18,2016,Arron Afflalo, SG
407.0,"Myles Turner, PF",IND,60.0,22.8,-3.61,0.25,-3.36,-0.21,2016,Myles Turner, PF
411.0,"Brandon Rush, SF",GS,72.0,14.7,-1.12,-2.29,-3.41,-0.2,2016,Brandon Rush, SF
412.0,"Kelly Oubre Jr., SF",WSH,63.0,10.7,-2.55,-0.94,-3.49,-0.16,2016,Kelly Oubre Jr., SF
415.0,"J.J. Barea, PG",DAL,74.0,22.5,1.3,-4.9,-3.6,-0.5,2016,J.J. Barea, PG
416.0,"Austin Rivers, PG",LAC,67.0,21.9,-1.58,-2.03,-3.61,-0.46,2016,Austin Rivers, PG
418.0,"Jerian Grant, PG",NY,76.0,16.6,-2.11,-1.54,-3.65,-0.41,2016,Jerian Grant, PG
419.0,"D'Angelo Russell, PG",LAL,80.0,28.2,-1.1,-2.56,-3.66,-0.77,2016,D'Angelo Russell, PG
421.0,"Zach LaVine, PG",MIN,82.0,28.0,-0.06,-3.65,-3.71,-0.86,2016,Zach LaVine, PG
422.0,"Doug McDermott, SF",CHI,81.0,23.0,-0.79,-2.93,-3.72,-0.71,2016,Doug McDermott, SF
424.0,"Emmanuel Mudiay, PG",DEN,68.0,30.4,-1.76,-2.02,-3.78,-0.87,2016,Emmanuel Mudiay, PG
425.0,"Tayshaun Prince, SF",MIN,77.0,19.0,-3.94,0.14,-3.8,-0.6,2016,Tayshaun Prince, SF
427.0,"Bobby Portis, PF",CHI,62.0,17.8,-1.58,-2.25,-3.83,-0.49,2016,Bobby Portis, PF
429.0,"Steve Blake, PG",DET,58.0,17.0,-1.33,-2.53,-3.86,-0.45,2016,Steve Blake, PG
430.0,"Isaiah Canaan, PG",PHI,77.0,25.5,-1.32,-2.63,-3.95,-1.04,2016,Isaiah Canaan, PG
434.0,"Wayne Ellington, SG",BKN,76.0,21.3,-2.51,-1.61,-4.12,-1.02,2016,Wayne Ellington, SG
435.0,"JaKarr Sampson, SG",DEN/PHI,73.0,15.9,-3.59,-0.57,-4.16,-0.77,2016,JaKarr Sampson, SG
437.0,"Timofey Mozgov, C",CLE,76.0,17.4,-3.85,-0.39,-4.24,-0.91,2016,Timofey Mozgov, C
438.0,"Derrick Rose, PG",CHI,66.0,31.8,-1.13,-3.14,-4.27,-1.53,2016,Derrick Rose, PG
439.0,"Julius Randle, PF",LAL,81.0,28.2,-2.75,-1.55,-4.3,-1.72,2016,Julius Randle, PF
440.0,"P.J. Hairston, SF",MEM/CHA,66.0,19.9,-3.02,-1.33,-4.35,-1.01,2016,P.J. Hairston, SF
442.0,"Thomas Robinson, PF",BKN,71.0,12.9,-3.38,-1.07,-4.45,-0.77,2016,Thomas Robinson, PF
445.0,"Devin Booker, SG",PHX,76.0,27.7,-0.73,-3.87,-4.6,-2.02,2016,Devin Booker, SG
447.0,"Ty Lawson, PG",HOU/IND,66.0,21.4,-3.25,-1.45,-4.7,-1.46,2016,Ty Lawson, PG
448.0,"Markel Brown, SG",BKN,62.0,15.8,-1.16,-3.64,-4.8,-1.04,2016,Markel Brown, SG
449.0,"Nik Stauskas, SG",PHI,73.0,24.8,-2.36,-2.44,-4.8,-1.98,2016,Nik Stauskas, SG
450.0,"Marco Belinelli, SG",SAC,68.0,24.6,-2.09,-2.78,-4.87,-1.91,2016,Marco Belinelli, SG
451.0,"Bojan Bogdanovic, SG",BKN,79.0,26.8,-0.95,-3.98,-4.93,-2.42,2016,Bojan Bogdanovic, SG
453.0,"Johnny O'Bryant III, PF",MIL,66.0,13.0,-3.81,-1.32,-5.13,-1.04,2016,Johnny O'Bryant III, PF
458.0,"Shabazz Muhammad, SF",MIN,82.0,20.5,-1.13,-4.37,-5.5,-2.52,2016,Shabazz Muhammad, SF
460.0,"Rashad Vaughn, SG",MIL,70.0,14.3,-3.65,-2.13,-5.78,-1.65,2016,Rashad Vaughn, SG
